log_file,src_file,criterion,population,generations,mut_raate,tau,pretrain,finetune,best_area,best_error,run_log
logs/error_56/log_20250328_151255/metadata.json,u_arrmul4.cgp,error,10,2000,0.03,56.0,5000,,55,28.4140625,logs/error_56/log_20250328_151255/log.csv
logs/error_56/log_20250328_152236/metadata.json,u_arrmul4.cgp,error,10,2000,0.03,56.0,5000,,52,21.8203125,logs/error_56/log_20250328_152236/log.csv
logs/error_56/log_20250328_151857/metadata.json,u_arrmul4.cgp,error,10,2000,0.03,56.0,5000,,55,30.84375,logs/error_56/log_20250328_151857/log.csv
logs/error_56/log_20250328_152027/metadata.json,u_arrmul4.cgp,error,10,2000,0.03,56.0,5000,,55,15.1796875,logs/error_56/log_20250328_152027/log.csv
logs/error_56/log_20250328_151432/metadata.json,u_arrmul4.cgp,error,10,2000,0.03,56.0,5000,,56,33.6484375,logs/error_56/log_20250328_151432/log.csv
logs/error_56/log_20250328_152641/metadata.json,u_arrmul4.cgp,error,10,2000,0.03,56.0,5000,,53,19.859375,logs/error_56/log_20250328_152641/log.csv
logs/error_56/log_20250328_151939/metadata.json,u_arrmul4.cgp,error,10,2000,0.03,56.0,5000,,52,16.5078125,logs/error_56/log_20250328_151939/log.csv
logs/error_56/log_20250328_152509/metadata.json,u_arrmul4.cgp,error,10,2000,0.03,56.0,5000,,54,21.578125,logs/error_56/log_20250328_152509/log.csv
logs/error_56/log_20250328_150935/metadata.json,u_arrmul4.cgp,error,10,2000,0.03,56.0,5000,,51,15.5078125,logs/error_56/log_20250328_150935/log.csv
logs/error_56/log_20250328_151724/metadata.json,u_arrmul4.cgp,error,10,2000,0.03,56.0,5000,,55,25.8203125,logs/error_56/log_20250328_151724/log.csv
logs/error_56/log_20250328_152959/metadata.json,u_arrmul4.cgp,error,10,2000,0.03,56.0,5000,,56,25.140625,logs/error_56/log_20250328_152959/log.csv
logs/error_56/log_20250328_151515/metadata.json,u_arrmul4.cgp,error,10,2000,0.03,56.0,5000,,51,13.28125,logs/error_56/log_20250328_151515/log.csv
logs/error_56/log_20250328_153047/metadata.json,u_arrmul4.cgp,error,10,2000,0.03,56.0,5000,,56,13.9765625,logs/error_56/log_20250328_153047/log.csv
logs/error_56/log_20250328_151808/metadata.json,u_arrmul4.cgp,error,10,2000,0.03,56.0,5000,,53,25.234375,logs/error_56/log_20250328_151808/log.csv
logs/error_56/log_20250328_152552/metadata.json,u_arrmul4.cgp,error,10,2000,0.03,56.0,5000,,56,32.6796875,logs/error_56/log_20250328_152552/log.csv
logs/error_56/log_20250328_153130/metadata.json,u_arrmul4.cgp,error,10,2000,0.03,56.0,5000,,53,27.265625,logs/error_56/log_20250328_153130/log.csv
logs/error_56/log_20250328_152909/metadata.json,u_arrmul4.cgp,error,10,2000,0.03,56.0,5000,,50,20.375,logs/error_56/log_20250328_152909/log.csv
logs/error_56/log_20250328_151640/metadata.json,u_arrmul4.cgp,error,10,2000,0.03,56.0,5000,,50,25.140625,logs/error_56/log_20250328_151640/log.csv
logs/error_56/log_20250328_152725/metadata.json,u_arrmul4.cgp,error,10,2000,0.03,56.0,5000,,53,19.2890625,logs/error_56/log_20250328_152725/log.csv
logs/error_56/log_20250328_152329/metadata.json,u_arrmul4.cgp,error,10,2000,0.03,56.0,5000,,54,22.59375,logs/error_56/log_20250328_152329/log.csv
logs/error_56/log_20250328_152426/metadata.json,u_arrmul4.cgp,error,10,2000,0.03,56.0,5000,,55,32.3984375,logs/error_56/log_20250328_152426/log.csv
logs/error_56/log_20250328_152109/metadata.json,u_arrmul4.cgp,error,10,2000,0.03,56.0,5000,,54,8.15625,logs/error_56/log_20250328_152109/log.csv
logs/error_56/log_20250328_153212/metadata.json,u_arrmul4.cgp,error,10,2000,0.03,56.0,5000,,53,32.5,logs/error_56/log_20250328_153212/log.csv
logs/error_56/log_20250328_151558/metadata.json,u_arrmul4.cgp,error,10,2000,0.03,56.0,5000,,55,20.8671875,logs/error_56/log_20250328_151558/log.csv
logs/error_56/log_20250328_151204/metadata.json,u_arrmul4.cgp,error,10,2000,0.03,56.0,5000,,55,15.4375,logs/error_56/log_20250328_151204/log.csv
logs/error_56/log_20250328_151037/metadata.json,u_arrmul4.cgp,error,10,2000,0.03,56.0,5000,,53,22.3828125,logs/error_56/log_20250328_151037/log.csv
logs/error_56/log_20250328_151120/metadata.json,u_arrmul4.cgp,error,10,2000,0.03,56.0,5000,,56,13.640625,logs/error_56/log_20250328_151120/log.csv
logs/error_56/log_20250328_152152/metadata.json,u_arrmul4.cgp,error,10,2000,0.03,56.0,5000,,51,20.1796875,logs/error_56/log_20250328_152152/log.csv
logs/error_56/log_20250328_152817/metadata.json,u_arrmul4.cgp,error,10,2000,0.03,56.0,5000,,55,8.328125,logs/error_56/log_20250328_152817/log.csv
logs/error_56/log_20250328_151348/metadata.json,u_arrmul4.cgp,error,10,2000,0.03,56.0,5000,,56,14.6171875,logs/error_56/log_20250328_151348/log.csv
logs/area_20.00/log_20250328_122832/metadata.json,u_arrmul4.cgp,area,10,2000,0.03,20.0,,,24,19.859375,logs/area_20.00/log_20250328_122832/log.csv
logs/area_20.00/log_20250327_215447/metadata.json,u_arrmul4.cgp,area,10,2000,0.03,20.0,,,20,16.5390625,logs/area_20.00/log_20250327_215447/log.csv
logs/area_20.00/log_20250328_123408/metadata.json,u_arrmul4.cgp,area,10,2000,0.03,20.0,,,20,19.1171875,logs/area_20.00/log_20250328_123408/log.csv
logs/area_20.00/log_20250328_123202/metadata.json,u_arrmul4.cgp,area,10,2000,0.03,20.0,,,26,19.5234375,logs/area_20.00/log_20250328_123202/log.csv
logs/area_20.00/log_20250328_123039/metadata.json,u_arrmul4.cgp,area,10,2000,0.03,20.0,,,17,19.515625,logs/area_20.00/log_20250328_123039/log.csv
logs/area_20.00/log_20250328_123615/metadata.json,u_arrmul4.cgp,area,10,2000,0.03,20.0,,,20,18.3203125,logs/area_20.00/log_20250328_123615/log.csv
logs/area_20.00/log_20250327_224651/metadata.json,u_arrmul4.cgp,area,10,2000,0.03,20.0,,,22,19.140625,logs/area_20.00/log_20250327_224651/log.csv
logs/area_20.00/log_20250327_224814/metadata.json,u_arrmul4.cgp,area,10,2000,0.03,20.0,,,19,18.6796875,logs/area_20.00/log_20250327_224814/log.csv
logs/area_20.00/log_20250328_123700/metadata.json,u_arrmul4.cgp,area,10,2000,0.03,20.0,,,19,18.828125,logs/area_20.00/log_20250328_123700/log.csv
logs/area_20.00/log_20250328_122956/metadata.json,u_arrmul4.cgp,area,10,2000,0.03,20.0,,,20,18.2734375,logs/area_20.00/log_20250328_122956/log.csv
logs/area_20.00/log_20250328_122706/metadata.json,u_arrmul4.cgp,area,10,2000,0.03,20.0,,,19,16.9375,logs/area_20.00/log_20250328_122706/log.csv
logs/area_20.00/log_20250328_123743/metadata.json,u_arrmul4.cgp,area,10,2000,0.03,20.0,,,18,18.4609375,logs/area_20.00/log_20250328_123743/log.csv
logs/area_20.00/log_20250328_122415/metadata.json,u_arrmul4.cgp,area,10,2000,0.03,20.0,,,18,19.2734375,logs/area_20.00/log_20250328_122415/log.csv
logs/area_20.00/log_20250328_123450/metadata.json,u_arrmul4.cgp,area,10,2000,0.03,20.0,,,21,19.8125,logs/area_20.00/log_20250328_123450/log.csv
logs/area_20.00/log_20250328_122749/metadata.json,u_arrmul4.cgp,area,10,2000,0.03,20.0,,,22,18.78125,logs/area_20.00/log_20250328_122749/log.csv
logs/area_20.00/log_20250327_215529/metadata.json,u_arrmul4.cgp,area,10,2000,0.03,20.0,,,19,17.1875,logs/area_20.00/log_20250327_215529/log.csv
logs/area_20.00/log_20250327_224732/metadata.json,u_arrmul4.cgp,area,10,2000,0.03,20.0,,,21,18.890625,logs/area_20.00/log_20250327_224732/log.csv
logs/area_20.00/log_20250328_122623/metadata.json,u_arrmul4.cgp,area,10,2000,0.03,20.0,,,19,19.5703125,logs/area_20.00/log_20250328_122623/log.csv
logs/area_20.00/log_20250327_215612/metadata.json,u_arrmul4.cgp,area,10,2000,0.03,20.0,,,18,19.9375,logs/area_20.00/log_20250327_215612/log.csv
logs/area_20.00/log_20250328_122914/metadata.json,u_arrmul4.cgp,area,10,2000,0.03,20.0,,,21,19.765625,logs/area_20.00/log_20250328_122914/log.csv
logs/area_20.00/log_20250328_122541/metadata.json,u_arrmul4.cgp,area,10,2000,0.03,20.0,,,21,19.4296875,logs/area_20.00/log_20250328_122541/log.csv
logs/area_20.00/log_20250328_123534/metadata.json,u_arrmul4.cgp,area,10,2000,0.03,20.0,,,20,19.875,logs/area_20.00/log_20250328_123534/log.csv
logs/area_20.00/log_20250327_215324/metadata.json,u_arrmul4.cgp,area,10,2000,0.03,20.0,,,20,19.46875,logs/area_20.00/log_20250327_215324/log.csv
logs/area_20.00/log_20250328_123243/metadata.json,u_arrmul4.cgp,area,10,2000,0.03,20.0,,,19,19.296875,logs/area_20.00/log_20250328_123243/log.csv
logs/area_20.00/log_20250328_123120/metadata.json,u_arrmul4.cgp,area,10,2000,0.03,20.0,,,19,19.921875,logs/area_20.00/log_20250328_123120/log.csv
logs/area_20.00/log_20250328_122457/metadata.json,u_arrmul4.cgp,area,10,2000,0.03,20.0,,,19,17.6875,logs/area_20.00/log_20250328_122457/log.csv
logs/area_20.00/log_20250327_215406/metadata.json,u_arrmul4.cgp,area,10,2000,0.03,20.0,,,18,19.328125,logs/area_20.00/log_20250327_215406/log.csv
logs/area_20.00/log_20250328_123326/metadata.json,u_arrmul4.cgp,area,10,2000,0.03,20.0,,,20,17.8046875,logs/area_20.00/log_20250328_123326/log.csv
logs/area_20.00/log_20250327_224610/metadata.json,u_arrmul4.cgp,area,10,2000,0.03,20.0,,,27,19.8046875,logs/area_20.00/log_20250327_224610/log.csv
logs/area_20.00/log_20250327_224527/metadata.json,u_arrmul4.cgp,area,10,2000,0.03,20.0,,,18,18.5703125,logs/area_20.00/log_20250327_224527/log.csv
logs/area_0.18/log_20250328_122702/metadata.json,u_arrmul4.cgp,area,10,2000,0.03,0.18,,,62,0.171875,logs/area_0.18/log_20250328_122702/log.csv
logs/area_0.18/log_20250328_122950/metadata.json,u_arrmul4.cgp,area,10,2000,0.03,0.18,,,62,0.171875,logs/area_0.18/log_20250328_122950/log.csv
logs/area_0.18/log_20250327_221841/metadata.json,u_arrmul4.cgp,area,10,2000,0.03,0.18,,,61,0.1796875,logs/area_0.18/log_20250327_221841/log.csv
logs/area_0.18/log_20250328_123440/metadata.json,u_arrmul4.cgp,area,10,2000,0.03,0.18,,,59,0.17578125,logs/area_0.18/log_20250328_123440/log.csv
logs/area_0.18/log_20250328_122539/metadata.json,u_arrmul4.cgp,area,10,2000,0.03,0.18,,,62,0.1796875,logs/area_0.18/log_20250328_122539/log.csv
logs/area_0.18/log_20250328_122415/metadata.json,u_arrmul4.cgp,area,10,2000,0.03,0.18,,,62,0.1796875,logs/area_0.18/log_20250328_122415/log.csv
logs/area_0.18/log_20250328_122908/metadata.json,u_arrmul4.cgp,area,10,2000,0.03,0.18,,,60,0.17578125,logs/area_0.18/log_20250328_122908/log.csv
logs/area_0.18/log_20250327_221759/metadata.json,u_arrmul4.cgp,area,10,2000,0.03,0.18,,,61,0.16796875,logs/area_0.18/log_20250327_221759/log.csv
logs/area_0.18/log_20250328_123357/metadata.json,u_arrmul4.cgp,area,10,2000,0.03,0.18,,,62,0.1796875,logs/area_0.18/log_20250328_123357/log.csv
logs/area_0.18/log_20250327_212801/metadata.json,u_arrmul4.cgp,area,10,2000,0.03,0.18,,,62,0.1796875,logs/area_0.18/log_20250327_212801/log.csv
logs/area_0.18/log_20250328_123235/metadata.json,u_arrmul4.cgp,area,10,2000,0.03,0.18,,,61,0.1796875,logs/area_0.18/log_20250328_123235/log.csv
logs/area_0.18/log_20250328_122827/metadata.json,u_arrmul4.cgp,area,10,2000,0.03,0.18,,,60,0.1796875,logs/area_0.18/log_20250328_122827/log.csv
logs/area_0.18/log_20250327_222043/metadata.json,u_arrmul4.cgp,area,10,2000,0.03,0.18,,,63,0.1796875,logs/area_0.18/log_20250327_222043/log.csv
logs/area_0.18/log_20250328_123031/metadata.json,u_arrmul4.cgp,area,10,2000,0.03,0.18,,,60,0.1796875,logs/area_0.18/log_20250328_123031/log.csv
logs/area_0.18/log_20250328_123153/metadata.json,u_arrmul4.cgp,area,10,2000,0.03,0.18,,,61,0.17578125,logs/area_0.18/log_20250328_123153/log.csv
logs/area_0.18/log_20250327_212640/metadata.json,u_arrmul4.cgp,area,10,2000,0.03,0.18,,,62,0.16796875,logs/area_0.18/log_20250327_212640/log.csv
logs/area_0.18/log_20250328_123726/metadata.json,u_arrmul4.cgp,area,10,2000,0.03,0.18,,,60,0.1796875,logs/area_0.18/log_20250328_123726/log.csv
logs/area_0.18/log_20250328_123646/metadata.json,u_arrmul4.cgp,area,10,2000,0.03,0.18,,,62,0.1796875,logs/area_0.18/log_20250328_123646/log.csv
logs/area_0.18/log_20250327_212559/metadata.json,u_arrmul4.cgp,area,10,2000,0.03,0.18,,,63,0.1796875,logs/area_0.18/log_20250327_212559/log.csv
logs/area_0.18/log_20250328_123521/metadata.json,u_arrmul4.cgp,area,10,2000,0.03,0.18,,,60,0.1796875,logs/area_0.18/log_20250328_123521/log.csv
logs/area_0.18/log_20250327_221921/metadata.json,u_arrmul4.cgp,area,10,2000,0.03,0.18,,,62,0.1796875,logs/area_0.18/log_20250327_221921/log.csv
logs/area_0.18/log_20250327_212720/metadata.json,u_arrmul4.cgp,area,10,2000,0.03,0.18,,,62,0.1640625,logs/area_0.18/log_20250327_212720/log.csv
logs/area_0.18/log_20250327_222001/metadata.json,u_arrmul4.cgp,area,10,2000,0.03,0.18,,,60,0.171875,logs/area_0.18/log_20250327_222001/log.csv
logs/area_0.18/log_20250328_122621/metadata.json,u_arrmul4.cgp,area,10,2000,0.03,0.18,,,60,0.1796875,logs/area_0.18/log_20250328_122621/log.csv
logs/area_0.18/log_20250328_123317/metadata.json,u_arrmul4.cgp,area,10,2000,0.03,0.18,,,61,0.1796875,logs/area_0.18/log_20250328_123317/log.csv
logs/area_0.18/log_20250328_122458/metadata.json,u_arrmul4.cgp,area,10,2000,0.03,0.18,,,62,0.1796875,logs/area_0.18/log_20250328_122458/log.csv
logs/area_0.18/log_20250328_123112/metadata.json,u_arrmul4.cgp,area,10,2000,0.03,0.18,,,62,0.1796875,logs/area_0.18/log_20250328_123112/log.csv
logs/area_0.18/log_20250328_123604/metadata.json,u_arrmul4.cgp,area,10,2000,0.03,0.18,,,61,0.1796875,logs/area_0.18/log_20250328_123604/log.csv
logs/area_0.18/log_20250328_122744/metadata.json,u_arrmul4.cgp,area,10,2000,0.03,0.18,,,60,0.1796875,logs/area_0.18/log_20250328_122744/log.csv
logs/area_0.18/log_20250327_212842/metadata.json,u_arrmul4.cgp,area,10,2000,0.03,0.18,,,63,0.1796875,logs/area_0.18/log_20250327_212842/log.csv
logs/area_0.10/log_20250328_123311/metadata.json,u_arrmul4.cgp,area,10,2000,0.03,0.1,,,61,0.09375,logs/area_0.10/log_20250328_123311/log.csv
logs/area_0.10/log_20250328_122904/metadata.json,u_arrmul4.cgp,area,10,2000,0.03,0.1,,,64,0.09375,logs/area_0.10/log_20250328_122904/log.csv
logs/area_0.10/log_20250328_123027/metadata.json,u_arrmul4.cgp,area,10,2000,0.03,0.1,,,64,0.09765625,logs/area_0.10/log_20250328_123027/log.csv
logs/area_0.10/log_20250327_221555/metadata.json,u_arrmul4.cgp,area,10,2000,0.03,0.1,,,61,0.09765625,logs/area_0.10/log_20250327_221555/log.csv
logs/area_0.10/log_20250328_123353/metadata.json,u_arrmul4.cgp,area,10,2000,0.03,0.1,,,62,0.09765625,logs/area_0.10/log_20250328_123353/log.csv
logs/area_0.10/log_20250327_212357/metadata.json,u_arrmul4.cgp,area,10,2000,0.03,0.1,,,61,0.09375,logs/area_0.10/log_20250327_212357/log.csv
logs/area_0.10/log_20250328_122824/metadata.json,u_arrmul4.cgp,area,10,2000,0.03,0.1,,,61,0.08203125,logs/area_0.10/log_20250328_122824/log.csv
logs/area_0.10/log_20250327_221433/metadata.json,u_arrmul4.cgp,area,10,2000,0.03,0.1,,,62,0.0625,logs/area_0.10/log_20250327_221433/log.csv
logs/area_0.10/log_20250328_123230/metadata.json,u_arrmul4.cgp,area,10,2000,0.03,0.1,,,63,0.09765625,logs/area_0.10/log_20250328_123230/log.csv
logs/area_0.10/log_20250328_122415/metadata.json,u_arrmul4.cgp,area,10,2000,0.03,0.1,,,61,0.078125,logs/area_0.10/log_20250328_122415/log.csv
logs/area_0.10/log_20250327_212317/metadata.json,u_arrmul4.cgp,area,10,2000,0.03,0.1,,,62,0.09765625,logs/area_0.10/log_20250327_212317/log.csv
logs/area_0.10/log_20250328_123720/metadata.json,u_arrmul4.cgp,area,10,2000,0.03,0.1,,,64,0.09375,logs/area_0.10/log_20250328_123720/log.csv
logs/area_0.10/log_20250328_123434/metadata.json,u_arrmul4.cgp,area,10,2000,0.03,0.1,,,61,0.09375,logs/area_0.10/log_20250328_123434/log.csv
logs/area_0.10/log_20250328_122701/metadata.json,u_arrmul4.cgp,area,10,2000,0.03,0.1,,,63,0.09375,logs/area_0.10/log_20250328_122701/log.csv
logs/area_0.10/log_20250327_212438/metadata.json,u_arrmul4.cgp,area,10,2000,0.03,0.1,,,63,0.09375,logs/area_0.10/log_20250327_212438/log.csv
logs/area_0.10/log_20250327_221635/metadata.json,u_arrmul4.cgp,area,10,2000,0.03,0.1,,,64,0.09375,logs/area_0.10/log_20250327_221635/log.csv
logs/area_0.10/log_20250328_123556/metadata.json,u_arrmul4.cgp,area,10,2000,0.03,0.1,,,63,0.09765625,logs/area_0.10/log_20250328_123556/log.csv
logs/area_0.10/log_20250327_212236/metadata.json,u_arrmul4.cgp,area,10,2000,0.03,0.1,,,63,0.09375,logs/area_0.10/log_20250327_212236/log.csv
logs/area_0.10/log_20250327_212519/metadata.json,u_arrmul4.cgp,area,10,2000,0.03,0.1,,,62,0.0859375,logs/area_0.10/log_20250327_212519/log.csv
logs/area_0.10/log_20250328_123638/metadata.json,u_arrmul4.cgp,area,10,2000,0.03,0.1,,,63,0.078125,logs/area_0.10/log_20250328_123638/log.csv
logs/area_0.10/log_20250328_122743/metadata.json,u_arrmul4.cgp,area,10,2000,0.03,0.1,,,62,0.09375,logs/area_0.10/log_20250328_122743/log.csv
logs/area_0.10/log_20250328_123150/metadata.json,u_arrmul4.cgp,area,10,2000,0.03,0.1,,,62,0.09375,logs/area_0.10/log_20250328_123150/log.csv
logs/area_0.10/log_20250328_123515/metadata.json,u_arrmul4.cgp,area,10,2000,0.03,0.1,,,63,0.09375,logs/area_0.10/log_20250328_123515/log.csv
logs/area_0.10/log_20250327_221515/metadata.json,u_arrmul4.cgp,area,10,2000,0.03,0.1,,,64,0.08984375,logs/area_0.10/log_20250327_221515/log.csv
logs/area_0.10/log_20250328_122458/metadata.json,u_arrmul4.cgp,area,10,2000,0.03,0.1,,,64,0.09375,logs/area_0.10/log_20250328_122458/log.csv
logs/area_0.10/log_20250327_221718/metadata.json,u_arrmul4.cgp,area,10,2000,0.03,0.1,,,62,0.08984375,logs/area_0.10/log_20250327_221718/log.csv
logs/area_0.10/log_20250328_122946/metadata.json,u_arrmul4.cgp,area,10,2000,0.03,0.1,,,64,0.09765625,logs/area_0.10/log_20250328_122946/log.csv
logs/area_0.10/log_20250328_123108/metadata.json,u_arrmul4.cgp,area,10,2000,0.03,0.1,,,61,0.08203125,logs/area_0.10/log_20250328_123108/log.csv
logs/area_0.10/log_20250328_122538/metadata.json,u_arrmul4.cgp,area,10,2000,0.03,0.1,,,62,0.09765625,logs/area_0.10/log_20250328_122538/log.csv
logs/area_0.10/log_20250328_122620/metadata.json,u_arrmul4.cgp,area,10,2000,0.03,0.1,,,63,0.09765625,logs/area_0.10/log_20250328_122620/log.csv
logs/error_52/log_20250328_151457/metadata.json,u_arrmul4.cgp,error,10,2000,0.03,52.0,5000,,51,24.5625,logs/error_52/log_20250328_151457/log.csv
logs/error_52/log_20250328_152344/metadata.json,u_arrmul4.cgp,error,10,2000,0.03,52.0,5000,,49,23.46875,logs/error_52/log_20250328_152344/log.csv
logs/error_52/log_20250328_152428/metadata.json,u_arrmul4.cgp,error,10,2000,0.03,52.0,5000,,52,25.1796875,logs/error_52/log_20250328_152428/log.csv
logs/error_52/log_20250328_152027/metadata.json,u_arrmul4.cgp,error,10,2000,0.03,52.0,5000,,49,27.65625,logs/error_52/log_20250328_152027/log.csv
logs/error_52/log_20250328_153201/metadata.json,u_arrmul4.cgp,error,10,2000,0.03,52.0,5000,,51,31.1796875,logs/error_52/log_20250328_153201/log.csv
logs/error_52/log_20250328_152611/metadata.json,u_arrmul4.cgp,error,10,2000,0.03,52.0,5000,,52,32.1953125,logs/error_52/log_20250328_152611/log.csv
logs/error_52/log_20250328_151936/metadata.json,u_arrmul4.cgp,error,10,2000,0.03,52.0,5000,,51,34.6953125,logs/error_52/log_20250328_151936/log.csv
logs/error_52/log_20250328_151017/metadata.json,u_arrmul4.cgp,error,10,2000,0.03,52.0,5000,,52,26.109375,logs/error_52/log_20250328_151017/log.csv
logs/error_52/log_20250328_152849/metadata.json,u_arrmul4.cgp,error,10,2000,0.03,52.0,5000,,52,31.78125,logs/error_52/log_20250328_152849/log.csv
logs/error_52/log_20250328_151807/metadata.json,u_arrmul4.cgp,error,10,2000,0.03,52.0,5000,,52,26.5546875,logs/error_52/log_20250328_151807/log.csv
logs/error_52/log_20250328_151149/metadata.json,u_arrmul4.cgp,error,10,2000,0.03,52.0,5000,,52,28.46875,logs/error_52/log_20250328_151149/log.csv
logs/error_52/log_20250328_151322/metadata.json,u_arrmul4.cgp,error,10,2000,0.03,52.0,5000,,52,17.1640625,logs/error_52/log_20250328_151322/log.csv
logs/error_52/log_20250328_152524/metadata.json,u_arrmul4.cgp,error,10,2000,0.03,52.0,5000,,52,18.8203125,logs/error_52/log_20250328_152524/log.csv
logs/error_52/log_20250328_150934/metadata.json,u_arrmul4.cgp,error,10,2000,0.03,52.0,5000,,51,34.8515625,logs/error_52/log_20250328_150934/log.csv
logs/error_52/log_20250328_152301/metadata.json,u_arrmul4.cgp,error,10,2000,0.03,52.0,5000,,51,23.5,logs/error_52/log_20250328_152301/log.csv
logs/error_52/log_20250328_153244/metadata.json,u_arrmul4.cgp,error,10,2000,0.03,52.0,5000,,50,34.078125,logs/error_52/log_20250328_153244/log.csv
logs/error_52/log_20250328_151630/metadata.json,u_arrmul4.cgp,error,10,2000,0.03,52.0,5000,,52,20.6171875,logs/error_52/log_20250328_151630/log.csv
logs/error_52/log_20250328_151850/metadata.json,u_arrmul4.cgp,error,10,2000,0.03,52.0,5000,,52,19.2734375,logs/error_52/log_20250328_151850/log.csv
logs/error_52/log_20250328_151105/metadata.json,u_arrmul4.cgp,error,10,2000,0.03,52.0,5000,,52,35.7890625,logs/error_52/log_20250328_151105/log.csv
logs/error_52/log_20250328_152804/metadata.json,u_arrmul4.cgp,error,10,2000,0.03,52.0,5000,,52,25.171875,logs/error_52/log_20250328_152804/log.csv
logs/error_52/log_20250328_152129/metadata.json,u_arrmul4.cgp,error,10,2000,0.03,52.0,5000,,52,33.6953125,logs/error_52/log_20250328_152129/log.csv
logs/error_52/log_20250328_153115/metadata.json,u_arrmul4.cgp,error,10,2000,0.03,52.0,5000,,51,31.7421875,logs/error_52/log_20250328_153115/log.csv
logs/error_52/log_20250328_152707/metadata.json,u_arrmul4.cgp,error,10,2000,0.03,52.0,5000,,50,20.671875,logs/error_52/log_20250328_152707/log.csv
logs/error_52/log_20250328_151409/metadata.json,u_arrmul4.cgp,error,10,2000,0.03,52.0,5000,,51,24.203125,logs/error_52/log_20250328_151409/log.csv
logs/error_52/log_20250328_151721/metadata.json,u_arrmul4.cgp,error,10,2000,0.03,52.0,5000,,51,24.9375,logs/error_52/log_20250328_151721/log.csv
logs/error_52/log_20250328_151237/metadata.json,u_arrmul4.cgp,error,10,2000,0.03,52.0,5000,,50,24.2734375,logs/error_52/log_20250328_151237/log.csv
logs/error_52/log_20250328_153021/metadata.json,u_arrmul4.cgp,error,10,2000,0.03,52.0,5000,,51,32.4140625,logs/error_52/log_20250328_153021/log.csv
logs/error_52/log_20250328_152933/metadata.json,u_arrmul4.cgp,error,10,2000,0.03,52.0,5000,,50,31.171875,logs/error_52/log_20250328_152933/log.csv
logs/error_52/log_20250328_152214/metadata.json,u_arrmul4.cgp,error,10,2000,0.03,52.0,5000,,49,25.09375,logs/error_52/log_20250328_152214/log.csv
logs/error_52/log_20250328_151541/metadata.json,u_arrmul4.cgp,error,10,2000,0.03,52.0,5000,,52,22.9765625,logs/error_52/log_20250328_151541/log.csv
logs/error_24/log_20250328_151457/metadata.json,u_arrmul4.cgp,error,10,2000,0.03,24.0,5000,,24,36.2109375,logs/error_24/log_20250328_151457/log.csv
logs/error_24/log_20250328_152146/metadata.json,u_arrmul4.cgp,error,10,2000,0.03,24.0,5000,,24,44.1328125,logs/error_24/log_20250328_152146/log.csv
logs/error_24/log_20250328_153744/metadata.json,u_arrmul4.cgp,error,10,2000,0.03,24.0,5000,,24,36.5390625,logs/error_24/log_20250328_153744/log.csv
logs/error_24/log_20250328_152850/metadata.json,u_arrmul4.cgp,error,10,2000,0.03,24.0,5000,,24,28.3671875,logs/error_24/log_20250328_152850/log.csv
logs/error_24/log_20250328_153357/metadata.json,u_arrmul4.cgp,error,10,2000,0.03,24.0,5000,,24,35.4765625,logs/error_24/log_20250328_153357/log.csv
logs/error_24/log_20250328_151355/metadata.json,u_arrmul4.cgp,error,10,2000,0.03,24.0,5000,,24,34.625,logs/error_24/log_20250328_151355/log.csv
logs/error_24/log_20250328_151947/metadata.json,u_arrmul4.cgp,error,10,2000,0.03,24.0,5000,,24,40.078125,logs/error_24/log_20250328_151947/log.csv
logs/error_24/log_20250328_151848/metadata.json,u_arrmul4.cgp,error,10,2000,0.03,24.0,5000,,24,32.8125,logs/error_24/log_20250328_151848/log.csv
logs/error_24/log_20250328_152443/metadata.json,u_arrmul4.cgp,error,10,2000,0.03,24.0,5000,,24,34.2109375,logs/error_24/log_20250328_152443/log.csv
logs/error_24/log_20250328_151030/metadata.json,u_arrmul4.cgp,error,10,2000,0.03,24.0,5000,,24,25.890625,logs/error_24/log_20250328_151030/log.csv
logs/error_24/log_20250328_152252/metadata.json,u_arrmul4.cgp,error,10,2000,0.03,24.0,5000,,24,32.8359375,logs/error_24/log_20250328_152252/log.csv
logs/error_24/log_20250328_153648/metadata.json,u_arrmul4.cgp,error,10,2000,0.03,24.0,5000,,24,34.1484375,logs/error_24/log_20250328_153648/log.csv
logs/error_24/log_20250328_150934/metadata.json,u_arrmul4.cgp,error,10,2000,0.03,24.0,5000,,24,29.5078125,logs/error_24/log_20250328_150934/log.csv
logs/error_24/log_20250328_151729/metadata.json,u_arrmul4.cgp,error,10,2000,0.03,24.0,5000,,24,35.3203125,logs/error_24/log_20250328_151729/log.csv
logs/error_24/log_20250328_151135/metadata.json,u_arrmul4.cgp,error,10,2000,0.03,24.0,5000,,24,30.8828125,logs/error_24/log_20250328_151135/log.csv
logs/error_24/log_20250328_151245/metadata.json,u_arrmul4.cgp,error,10,2000,0.03,24.0,5000,,24,36.0546875,logs/error_24/log_20250328_151245/log.csv
logs/error_24/log_20250328_151608/metadata.json,u_arrmul4.cgp,error,10,2000,0.03,24.0,5000,,24,35.703125,logs/error_24/log_20250328_151608/log.csv
logs/error_24/log_20250328_152347/metadata.json,u_arrmul4.cgp,error,10,2000,0.03,24.0,5000,,24,28.5703125,logs/error_24/log_20250328_152347/log.csv
logs/error_24/log_20250328_152546/metadata.json,u_arrmul4.cgp,error,10,2000,0.03,24.0,5000,,24,32.8828125,logs/error_24/log_20250328_152546/log.csv
logs/error_24/log_20250328_152745/metadata.json,u_arrmul4.cgp,error,10,2000,0.03,24.0,5000,,24,32.7265625,logs/error_24/log_20250328_152745/log.csv
logs/error_24/log_20250328_152640/metadata.json,u_arrmul4.cgp,error,10,2000,0.03,24.0,5000,,24,27.0078125,logs/error_24/log_20250328_152640/log.csv
logs/error_24/log_20250328_153255/metadata.json,u_arrmul4.cgp,error,10,2000,0.03,24.0,5000,,24,34.75,logs/error_24/log_20250328_153255/log.csv
logs/error_24/log_20250328_152957/metadata.json,u_arrmul4.cgp,error,10,2000,0.03,24.0,5000,,24,32.8828125,logs/error_24/log_20250328_152957/log.csv
logs/error_24/log_20250328_153453/metadata.json,u_arrmul4.cgp,error,10,2000,0.03,24.0,5000,,24,35.7890625,logs/error_24/log_20250328_153453/log.csv
logs/error_24/log_20250328_153148/metadata.json,u_arrmul4.cgp,error,10,2000,0.03,24.0,5000,,24,36.1796875,logs/error_24/log_20250328_153148/log.csv
logs/error_24/log_20250328_152047/metadata.json,u_arrmul4.cgp,error,10,2000,0.03,24.0,5000,,24,36.21875,logs/error_24/log_20250328_152047/log.csv
logs/error_24/log_20250328_153055/metadata.json,u_arrmul4.cgp,error,10,2000,0.03,24.0,5000,,24,32.9140625,logs/error_24/log_20250328_153055/log.csv
logs/error_24/log_20250328_153937/metadata.json,u_arrmul4.cgp,error,10,2000,0.03,24.0,5000,,24,47.3671875,logs/error_24/log_20250328_153937/log.csv
logs/error_24/log_20250328_153841/metadata.json,u_arrmul4.cgp,error,10,2000,0.03,24.0,5000,,24,30.90625,logs/error_24/log_20250328_153841/log.csv
logs/error_24/log_20250328_153556/metadata.json,u_arrmul4.cgp,error,10,2000,0.03,24.0,5000,,24,35.390625,logs/error_24/log_20250328_153556/log.csv
logs/area_1.90/log_20250328_123524/metadata.json,u_arrmul4.cgp,area,10,2000,0.03,1.9,,,44,1.8984375,logs/area_1.90/log_20250328_123524/log.csv
logs/area_1.90/log_20250328_123154/metadata.json,u_arrmul4.cgp,area,10,2000,0.03,1.9,,,47,1.8984375,logs/area_1.90/log_20250328_123154/log.csv
logs/area_1.90/log_20250328_123318/metadata.json,u_arrmul4.cgp,area,10,2000,0.03,1.9,,,43,1.8984375,logs/area_1.90/log_20250328_123318/log.csv
logs/area_1.90/log_20250328_123236/metadata.json,u_arrmul4.cgp,area,10,2000,0.03,1.9,,,45,1.8515625,logs/area_1.90/log_20250328_123236/log.csv
logs/area_1.90/log_20250327_223342/metadata.json,u_arrmul4.cgp,area,10,2000,0.03,1.9,,,47,1.8828125,logs/area_1.90/log_20250327_223342/log.csv
logs/area_1.90/log_20250328_122948/metadata.json,u_arrmul4.cgp,area,10,2000,0.03,1.9,,,45,1.8984375,logs/area_1.90/log_20250328_122948/log.csv
logs/area_1.90/log_20250327_223139/metadata.json,u_arrmul4.cgp,area,10,2000,0.03,1.9,,,46,1.8984375,logs/area_1.90/log_20250327_223139/log.csv
logs/area_1.90/log_20250328_122907/metadata.json,u_arrmul4.cgp,area,10,2000,0.03,1.9,,,43,1.890625,logs/area_1.90/log_20250328_122907/log.csv
logs/area_1.90/log_20250328_122619/metadata.json,u_arrmul4.cgp,area,10,2000,0.03,1.9,,,46,1.828125,logs/area_1.90/log_20250328_122619/log.csv
logs/area_1.90/log_20250328_123606/metadata.json,u_arrmul4.cgp,area,10,2000,0.03,1.9,,,47,1.8515625,logs/area_1.90/log_20250328_123606/log.csv
logs/area_1.90/log_20250328_122700/metadata.json,u_arrmul4.cgp,area,10,2000,0.03,1.9,,,46,1.8984375,logs/area_1.90/log_20250328_122700/log.csv
logs/area_1.90/log_20250328_122825/metadata.json,u_arrmul4.cgp,area,10,2000,0.03,1.9,,,48,1.859375,logs/area_1.90/log_20250328_122825/log.csv
logs/area_1.90/log_20250328_122415/metadata.json,u_arrmul4.cgp,area,10,2000,0.03,1.9,,,44,1.890625,logs/area_1.90/log_20250328_122415/log.csv
logs/area_1.90/log_20250328_122742/metadata.json,u_arrmul4.cgp,area,10,2000,0.03,1.9,,,44,1.8984375,logs/area_1.90/log_20250328_122742/log.csv
logs/area_1.90/log_20250328_123400/metadata.json,u_arrmul4.cgp,area,10,2000,0.03,1.9,,,43,1.875,logs/area_1.90/log_20250328_123400/log.csv
logs/area_1.90/log_20250328_123729/metadata.json,u_arrmul4.cgp,area,10,2000,0.03,1.9,,,44,1.8984375,logs/area_1.90/log_20250328_123729/log.csv
logs/area_1.90/log_20250327_214139/metadata.json,u_arrmul4.cgp,area,10,2000,0.03,1.9,,,55,1.890625,logs/area_1.90/log_20250327_214139/log.csv
logs/area_1.90/log_20250327_223301/metadata.json,u_arrmul4.cgp,area,10,2000,0.03,1.9,,,45,1.890625,logs/area_1.90/log_20250327_223301/log.csv
logs/area_1.90/log_20250327_223423/metadata.json,u_arrmul4.cgp,area,10,2000,0.03,1.9,,,43,1.8671875,logs/area_1.90/log_20250327_223423/log.csv
logs/area_1.90/log_20250328_123443/metadata.json,u_arrmul4.cgp,area,10,2000,0.03,1.9,,,48,1.8671875,logs/area_1.90/log_20250328_123443/log.csv
logs/area_1.90/log_20250327_214058/metadata.json,u_arrmul4.cgp,area,10,2000,0.03,1.9,,,47,1.875,logs/area_1.90/log_20250327_214058/log.csv
logs/area_1.90/log_20250328_123030/metadata.json,u_arrmul4.cgp,area,10,2000,0.03,1.9,,,44,1.890625,logs/area_1.90/log_20250328_123030/log.csv
logs/area_1.90/log_20250328_122456/metadata.json,u_arrmul4.cgp,area,10,2000,0.03,1.9,,,42,1.84375,logs/area_1.90/log_20250328_122456/log.csv
logs/area_1.90/log_20250328_123648/metadata.json,u_arrmul4.cgp,area,10,2000,0.03,1.9,,,46,1.890625,logs/area_1.90/log_20250328_123648/log.csv
logs/area_1.90/log_20250327_214017/metadata.json,u_arrmul4.cgp,area,10,2000,0.03,1.9,,,42,1.8828125,logs/area_1.90/log_20250327_214017/log.csv
logs/area_1.90/log_20250327_213936/metadata.json,u_arrmul4.cgp,area,10,2000,0.03,1.9,,,45,1.890625,logs/area_1.90/log_20250327_213936/log.csv
logs/area_1.90/log_20250327_214220/metadata.json,u_arrmul4.cgp,area,10,2000,0.03,1.9,,,45,1.859375,logs/area_1.90/log_20250327_214220/log.csv
logs/area_1.90/log_20250328_123112/metadata.json,u_arrmul4.cgp,area,10,2000,0.03,1.9,,,45,1.828125,logs/area_1.90/log_20250328_123112/log.csv
logs/area_1.90/log_20250327_223220/metadata.json,u_arrmul4.cgp,area,10,2000,0.03,1.9,,,45,1.890625,logs/area_1.90/log_20250327_223220/log.csv
logs/area_1.90/log_20250328_122538/metadata.json,u_arrmul4.cgp,area,10,2000,0.03,1.9,,,44,1.875,logs/area_1.90/log_20250328_122538/log.csv
logs/error_40/log_20250328_151421/metadata.json,u_arrmul4.cgp,error,10,2000,0.03,40.0,5000,,40,32.84375,logs/error_40/log_20250328_151421/log.csv
logs/error_40/log_20250328_151655/metadata.json,u_arrmul4.cgp,error,10,2000,0.03,40.0,5000,,40,34.7109375,logs/error_40/log_20250328_151655/log.csv
logs/error_40/log_20250328_152531/metadata.json,u_arrmul4.cgp,error,10,2000,0.03,40.0,5000,,40,22.40625,logs/error_40/log_20250328_152531/log.csv
logs/error_40/log_20250328_151018/metadata.json,u_arrmul4.cgp,error,10,2000,0.03,40.0,5000,,40,35.6484375,logs/error_40/log_20250328_151018/log.csv
logs/error_40/log_20250328_151611/metadata.json,u_arrmul4.cgp,error,10,2000,0.03,40.0,5000,,40,34.5078125,logs/error_40/log_20250328_151611/log.csv
logs/error_40/log_20250328_152305/metadata.json,u_arrmul4.cgp,error,10,2000,0.03,40.0,5000,,40,34.03125,logs/error_40/log_20250328_152305/log.csv
logs/error_40/log_20250328_152006/metadata.json,u_arrmul4.cgp,error,10,2000,0.03,40.0,5000,,40,32.6875,logs/error_40/log_20250328_152006/log.csv
logs/error_40/log_20250328_151333/metadata.json,u_arrmul4.cgp,error,10,2000,0.03,40.0,5000,,40,35.4453125,logs/error_40/log_20250328_151333/log.csv
logs/error_40/log_20250328_151916/metadata.json,u_arrmul4.cgp,error,10,2000,0.03,40.0,5000,,40,34.8515625,logs/error_40/log_20250328_151916/log.csv
logs/error_40/log_20250328_150934/metadata.json,u_arrmul4.cgp,error,10,2000,0.03,40.0,5000,,40,26.3046875,logs/error_40/log_20250328_150934/log.csv
logs/error_40/log_20250328_152222/metadata.json,u_arrmul4.cgp,error,10,2000,0.03,40.0,5000,,40,32.84375,logs/error_40/log_20250328_152222/log.csv
logs/error_40/log_20250328_152706/metadata.json,u_arrmul4.cgp,error,10,2000,0.03,40.0,5000,,40,32.6796875,logs/error_40/log_20250328_152706/log.csv
logs/error_40/log_20250328_152049/metadata.json,u_arrmul4.cgp,error,10,2000,0.03,40.0,5000,,40,34.8515625,logs/error_40/log_20250328_152049/log.csv
logs/error_40/log_20250328_152839/metadata.json,u_arrmul4.cgp,error,10,2000,0.03,40.0,5000,,40,32.84375,logs/error_40/log_20250328_152839/log.csv
logs/error_40/log_20250328_152348/metadata.json,u_arrmul4.cgp,error,10,2000,0.03,40.0,5000,,40,33.40625,logs/error_40/log_20250328_152348/log.csv
logs/error_40/log_20250328_151245/metadata.json,u_arrmul4.cgp,error,10,2000,0.03,40.0,5000,,40,35.7890625,logs/error_40/log_20250328_151245/log.csv
logs/error_40/log_20250328_153217/metadata.json,u_arrmul4.cgp,error,10,2000,0.03,40.0,5000,,40,21.2890625,logs/error_40/log_20250328_153217/log.csv
logs/error_40/log_20250328_151107/metadata.json,u_arrmul4.cgp,error,10,2000,0.03,40.0,5000,,40,36.53125,logs/error_40/log_20250328_151107/log.csv
logs/error_40/log_20250328_151823/metadata.json,u_arrmul4.cgp,error,10,2000,0.03,40.0,5000,,40,32.5703125,logs/error_40/log_20250328_151823/log.csv
logs/error_40/log_20250328_153310/metadata.json,u_arrmul4.cgp,error,10,2000,0.03,40.0,5000,,40,32.9140625,logs/error_40/log_20250328_153310/log.csv
logs/error_40/log_20250328_151739/metadata.json,u_arrmul4.cgp,error,10,2000,0.03,40.0,5000,,40,32.84375,logs/error_40/log_20250328_151739/log.csv
logs/error_40/log_20250328_153119/metadata.json,u_arrmul4.cgp,error,10,2000,0.03,40.0,5000,,40,35.1171875,logs/error_40/log_20250328_153119/log.csv
logs/error_40/log_20250328_151154/metadata.json,u_arrmul4.cgp,error,10,2000,0.03,40.0,5000,,40,34.84375,logs/error_40/log_20250328_151154/log.csv
logs/error_40/log_20250328_153017/metadata.json,u_arrmul4.cgp,error,10,2000,0.03,40.0,5000,,40,25.203125,logs/error_40/log_20250328_153017/log.csv
logs/error_40/log_20250328_152135/metadata.json,u_arrmul4.cgp,error,10,2000,0.03,40.0,5000,,40,27.375,logs/error_40/log_20250328_152135/log.csv
logs/error_40/log_20250328_151519/metadata.json,u_arrmul4.cgp,error,10,2000,0.03,40.0,5000,,40,20.3515625,logs/error_40/log_20250328_151519/log.csv
logs/error_40/log_20250328_152927/metadata.json,u_arrmul4.cgp,error,10,2000,0.03,40.0,5000,,40,26.8515625,logs/error_40/log_20250328_152927/log.csv
logs/error_40/log_20250328_152749/metadata.json,u_arrmul4.cgp,error,10,2000,0.03,40.0,5000,,40,32.359375,logs/error_40/log_20250328_152749/log.csv
logs/error_40/log_20250328_152445/metadata.json,u_arrmul4.cgp,error,10,2000,0.03,40.0,5000,,40,32.84375,logs/error_40/log_20250328_152445/log.csv
logs/error_40/log_20250328_152620/metadata.json,u_arrmul4.cgp,error,10,2000,0.03,40.0,5000,,40,35.5234375,logs/error_40/log_20250328_152620/log.csv
logs/error_60/log_20250328_152008/metadata.json,u_arrmul4.cgp,error,10,2000,0.03,60.0,5000,,56,32.515625,logs/error_60/log_20250328_152008/log.csv
logs/error_60/log_20250328_151925/metadata.json,u_arrmul4.cgp,error,10,2000,0.03,60.0,5000,,52,18.4453125,logs/error_60/log_20250328_151925/log.csv
logs/error_60/log_20250328_152723/metadata.json,u_arrmul4.cgp,error,10,2000,0.03,60.0,5000,,57,21.453125,logs/error_60/log_20250328_152723/log.csv
logs/error_60/log_20250328_151236/metadata.json,u_arrmul4.cgp,error,10,2000,0.03,60.0,5000,,55,7.65625,logs/error_60/log_20250328_151236/log.csv
logs/error_60/log_20250328_151319/metadata.json,u_arrmul4.cgp,error,10,2000,0.03,60.0,5000,,59,2.3828125,logs/error_60/log_20250328_151319/log.csv
logs/error_60/log_20250328_152945/metadata.json,u_arrmul4.cgp,error,10,2000,0.03,60.0,5000,,54,19.21875,logs/error_60/log_20250328_152945/log.csv
logs/error_60/log_20250328_151538/metadata.json,u_arrmul4.cgp,error,10,2000,0.03,60.0,5000,,53,7.9609375,logs/error_60/log_20250328_151538/log.csv
logs/error_60/log_20250328_153116/metadata.json,u_arrmul4.cgp,error,10,2000,0.03,60.0,5000,,55,34.0234375,logs/error_60/log_20250328_153116/log.csv
logs/error_60/log_20250328_152139/metadata.json,u_arrmul4.cgp,error,10,2000,0.03,60.0,5000,,53,14.6953125,logs/error_60/log_20250328_152139/log.csv
logs/error_60/log_20250328_151016/metadata.json,u_arrmul4.cgp,error,10,2000,0.03,60.0,5000,,53,34.90625,logs/error_60/log_20250328_151016/log.csv
logs/error_60/log_20250328_151625/metadata.json,u_arrmul4.cgp,error,10,2000,0.03,60.0,5000,,60,3.1171875,logs/error_60/log_20250328_151625/log.csv
logs/error_60/log_20250328_150934/metadata.json,u_arrmul4.cgp,error,10,2000,0.03,60.0,5000,,56,20.171875,logs/error_60/log_20250328_150934/log.csv
logs/error_60/log_20250328_152851/metadata.json,u_arrmul4.cgp,error,10,2000,0.03,60.0,5000,,57,11.2578125,logs/error_60/log_20250328_152851/log.csv
logs/error_60/log_20250328_151059/metadata.json,u_arrmul4.cgp,error,10,2000,0.03,60.0,5000,,55,9.578125,logs/error_60/log_20250328_151059/log.csv
logs/error_60/log_20250328_152407/metadata.json,u_arrmul4.cgp,error,10,2000,0.03,60.0,5000,,55,10.140625,logs/error_60/log_20250328_152407/log.csv
logs/error_60/log_20250328_152226/metadata.json,u_arrmul4.cgp,error,10,2000,0.03,60.0,5000,,57,30.53125,logs/error_60/log_20250328_152226/log.csv
logs/error_60/log_20250328_151756/metadata.json,u_arrmul4.cgp,error,10,2000,0.03,60.0,5000,,55,10.609375,logs/error_60/log_20250328_151756/log.csv
logs/error_60/log_20250328_151708/metadata.json,u_arrmul4.cgp,error,10,2000,0.03,60.0,5000,,56,11.84375,logs/error_60/log_20250328_151708/log.csv
logs/error_60/log_20250328_153032/metadata.json,u_arrmul4.cgp,error,10,2000,0.03,60.0,5000,,55,11.3828125,logs/error_60/log_20250328_153032/log.csv
logs/error_60/log_20250328_152546/metadata.json,u_arrmul4.cgp,error,10,2000,0.03,60.0,5000,,57,10.8671875,logs/error_60/log_20250328_152546/log.csv
logs/error_60/log_20250328_152318/metadata.json,u_arrmul4.cgp,error,10,2000,0.03,60.0,5000,,54,8.71875,logs/error_60/log_20250328_152318/log.csv
logs/error_60/log_20250328_152450/metadata.json,u_arrmul4.cgp,error,10,2000,0.03,60.0,5000,,55,21.5078125,logs/error_60/log_20250328_152450/log.csv
logs/error_60/log_20250328_151154/metadata.json,u_arrmul4.cgp,error,10,2000,0.03,60.0,5000,,57,12.1953125,logs/error_60/log_20250328_151154/log.csv
logs/error_60/log_20250328_152631/metadata.json,u_arrmul4.cgp,error,10,2000,0.03,60.0,5000,,50,21.0625,logs/error_60/log_20250328_152631/log.csv
logs/error_60/log_20250328_151404/metadata.json,u_arrmul4.cgp,error,10,2000,0.03,60.0,5000,,54,15.1171875,logs/error_60/log_20250328_151404/log.csv
logs/error_60/log_20250328_153200/metadata.json,u_arrmul4.cgp,error,10,2000,0.03,60.0,5000,,54,5.671875,logs/error_60/log_20250328_153200/log.csv
logs/error_60/log_20250328_152055/metadata.json,u_arrmul4.cgp,error,10,2000,0.03,60.0,5000,,53,7.6328125,logs/error_60/log_20250328_152055/log.csv
logs/error_60/log_20250328_152807/metadata.json,u_arrmul4.cgp,error,10,2000,0.03,60.0,5000,,57,12.7890625,logs/error_60/log_20250328_152807/log.csv
logs/error_60/log_20250328_151446/metadata.json,u_arrmul4.cgp,error,10,2000,0.03,60.0,5000,,58,8.15625,logs/error_60/log_20250328_151446/log.csv
logs/error_60/log_20250328_151838/metadata.json,u_arrmul4.cgp,error,10,2000,0.03,60.0,5000,,53,11.4765625,logs/error_60/log_20250328_151838/log.csv
logs/area_1.05/log_20250327_222855/metadata.json,u_arrmul4.cgp,area,10,2000,0.03,1.05,,,50,1.046875,logs/area_1.05/log_20250327_222855/log.csv
logs/area_1.05/log_20250328_122904/metadata.json,u_arrmul4.cgp,area,10,2000,0.03,1.05,,,56,1.046875,logs/area_1.05/log_20250328_122904/log.csv
logs/area_1.05/log_20250327_223016/metadata.json,u_arrmul4.cgp,area,10,2000,0.03,1.05,,,50,1.046875,logs/area_1.05/log_20250327_223016/log.csv
logs/area_1.05/log_20250328_123027/metadata.json,u_arrmul4.cgp,area,10,2000,0.03,1.05,,,52,0.9765625,logs/area_1.05/log_20250328_123027/log.csv
logs/area_1.05/log_20250328_123438/metadata.json,u_arrmul4.cgp,area,10,2000,0.03,1.05,,,53,1.046875,logs/area_1.05/log_20250328_123438/log.csv
logs/area_1.05/log_20250327_213732/metadata.json,u_arrmul4.cgp,area,10,2000,0.03,1.05,,,52,1.015625,logs/area_1.05/log_20250327_213732/log.csv
logs/area_1.05/log_20250327_223057/metadata.json,u_arrmul4.cgp,area,10,2000,0.03,1.05,,,52,1.0390625,logs/area_1.05/log_20250327_223057/log.csv
logs/area_1.05/log_20250327_222815/metadata.json,u_arrmul4.cgp,area,10,2000,0.03,1.05,,,55,1.046875,logs/area_1.05/log_20250327_222815/log.csv
logs/area_1.05/log_20250328_122824/metadata.json,u_arrmul4.cgp,area,10,2000,0.03,1.05,,,54,1.046875,logs/area_1.05/log_20250328_122824/log.csv
logs/area_1.05/log_20250327_213652/metadata.json,u_arrmul4.cgp,area,10,2000,0.03,1.05,,,53,1.04296875,logs/area_1.05/log_20250327_213652/log.csv
logs/area_1.05/log_20250327_213813/metadata.json,u_arrmul4.cgp,area,10,2000,0.03,1.05,,,52,1.046875,logs/area_1.05/log_20250327_213813/log.csv
logs/area_1.05/log_20250328_123643/metadata.json,u_arrmul4.cgp,area,10,2000,0.03,1.05,,,49,1.0390625,logs/area_1.05/log_20250328_123643/log.csv
logs/area_1.05/log_20250328_123520/metadata.json,u_arrmul4.cgp,area,10,2000,0.03,1.05,,,50,0.984375,logs/area_1.05/log_20250328_123520/log.csv
logs/area_1.05/log_20250328_122539/metadata.json,u_arrmul4.cgp,area,10,2000,0.03,1.05,,,57,1.0390625,logs/area_1.05/log_20250328_122539/log.csv
logs/area_1.05/log_20250328_122415/metadata.json,u_arrmul4.cgp,area,10,2000,0.03,1.05,,,54,1.046875,logs/area_1.05/log_20250328_122415/log.csv
logs/area_1.05/log_20250328_123149/metadata.json,u_arrmul4.cgp,area,10,2000,0.03,1.05,,,49,1.0078125,logs/area_1.05/log_20250328_123149/log.csv
logs/area_1.05/log_20250328_122742/metadata.json,u_arrmul4.cgp,area,10,2000,0.03,1.05,,,50,1.046875,logs/area_1.05/log_20250328_122742/log.csv
logs/area_1.05/log_20250327_213854/metadata.json,u_arrmul4.cgp,area,10,2000,0.03,1.05,,,54,1.046875,logs/area_1.05/log_20250327_213854/log.csv
logs/area_1.05/log_20250328_122701/metadata.json,u_arrmul4.cgp,area,10,2000,0.03,1.05,,,53,1.0390625,logs/area_1.05/log_20250328_122701/log.csv
logs/area_1.05/log_20250328_123109/metadata.json,u_arrmul4.cgp,area,10,2000,0.03,1.05,,,55,1.046875,logs/area_1.05/log_20250328_123109/log.csv
logs/area_1.05/log_20250328_123357/metadata.json,u_arrmul4.cgp,area,10,2000,0.03,1.05,,,54,1.0078125,logs/area_1.05/log_20250328_123357/log.csv
logs/area_1.05/log_20250327_222935/metadata.json,u_arrmul4.cgp,area,10,2000,0.03,1.05,,,54,1.0234375,logs/area_1.05/log_20250327_222935/log.csv
logs/area_1.05/log_20250328_123726/metadata.json,u_arrmul4.cgp,area,10,2000,0.03,1.05,,,53,1.046875,logs/area_1.05/log_20250328_123726/log.csv
logs/area_1.05/log_20250328_122456/metadata.json,u_arrmul4.cgp,area,10,2000,0.03,1.05,,,52,1.046875,logs/area_1.05/log_20250328_122456/log.csv
logs/area_1.05/log_20250328_123314/metadata.json,u_arrmul4.cgp,area,10,2000,0.03,1.05,,,51,0.9375,logs/area_1.05/log_20250328_123314/log.csv
logs/area_1.05/log_20250328_123233/metadata.json,u_arrmul4.cgp,area,10,2000,0.03,1.05,,,50,1.015625,logs/area_1.05/log_20250328_123233/log.csv
logs/area_1.05/log_20250328_123602/metadata.json,u_arrmul4.cgp,area,10,2000,0.03,1.05,,,52,1.0234375,logs/area_1.05/log_20250328_123602/log.csv
logs/area_1.05/log_20250328_122946/metadata.json,u_arrmul4.cgp,area,10,2000,0.03,1.05,,,49,1.046875,logs/area_1.05/log_20250328_122946/log.csv
logs/area_1.05/log_20250327_213611/metadata.json,u_arrmul4.cgp,area,10,2000,0.03,1.05,,,54,1.0234375,logs/area_1.05/log_20250327_213611/log.csv
logs/area_1.05/log_20250328_122620/metadata.json,u_arrmul4.cgp,area,10,2000,0.03,1.05,,,55,1.046875,logs/area_1.05/log_20250328_122620/log.csv
logs/error_20/log_20250328_151457/metadata.json,u_arrmul4.cgp,error,10,2000,0.03,20.0,5000,,20,35.8828125,logs/error_20/log_20250328_151457/log.csv
logs/error_20/log_20250328_153208/metadata.json,u_arrmul4.cgp,error,10,2000,0.03,20.0,5000,,20,36.6328125,logs/error_20/log_20250328_153208/log.csv
logs/error_20/log_20250328_154241/metadata.json,u_arrmul4.cgp,error,10,2000,0.03,20.0,5000,,20,32.359375,logs/error_20/log_20250328_154241/log.csv
logs/error_20/log_20250328_152153/metadata.json,u_arrmul4.cgp,error,10,2000,0.03,20.0,5000,,20,34.8125,logs/error_20/log_20250328_152153/log.csv
logs/error_20/log_20250328_154352/metadata.json,u_arrmul4.cgp,error,10,2000,0.03,20.0,5000,,20,35.2109375,logs/error_20/log_20250328_154352/log.csv
logs/error_20/log_20250328_151847/metadata.json,u_arrmul4.cgp,error,10,2000,0.03,20.0,5000,,20,33.90625,logs/error_20/log_20250328_151847/log.csv
logs/error_20/log_20250328_153704/metadata.json,u_arrmul4.cgp,error,10,2000,0.03,20.0,5000,,20,36.2109375,logs/error_20/log_20250328_153704/log.csv
logs/error_20/log_20250328_153547/metadata.json,u_arrmul4.cgp,error,10,2000,0.03,20.0,5000,,20,32.84375,logs/error_20/log_20250328_153547/log.csv
logs/error_20/log_20250328_152937/metadata.json,u_arrmul4.cgp,error,10,2000,0.03,20.0,5000,,20,32.9296875,logs/error_20/log_20250328_152937/log.csv
logs/error_20/log_20250328_151220/metadata.json,u_arrmul4.cgp,error,10,2000,0.03,20.0,5000,,20,34.2109375,logs/error_20/log_20250328_151220/log.csv
logs/error_20/log_20250328_152826/metadata.json,u_arrmul4.cgp,error,10,2000,0.03,20.0,5000,,20,35.078125,logs/error_20/log_20250328_152826/log.csv
logs/error_20/log_20250328_154550/metadata.json,u_arrmul4.cgp,error,10,2000,0.03,20.0,5000,,20,45.6953125,logs/error_20/log_20250328_154550/log.csv
logs/error_20/log_20250328_152534/metadata.json,u_arrmul4.cgp,error,10,2000,0.03,20.0,5000,,20,36.5390625,logs/error_20/log_20250328_152534/log.csv
logs/error_20/log_20250328_150934/metadata.json,u_arrmul4.cgp,error,10,2000,0.03,20.0,5000,,20,29.4609375,logs/error_20/log_20250328_150934/log.csv
logs/error_20/log_20250328_152301/metadata.json,u_arrmul4.cgp,error,10,2000,0.03,20.0,5000,,20,32.921875,logs/error_20/log_20250328_152301/log.csv
logs/error_20/log_20250328_153045/metadata.json,u_arrmul4.cgp,error,10,2000,0.03,20.0,5000,,20,35.2265625,logs/error_20/log_20250328_153045/log.csv
logs/error_20/log_20250328_151049/metadata.json,u_arrmul4.cgp,error,10,2000,0.03,20.0,5000,,20,36.484375,logs/error_20/log_20250328_151049/log.csv
logs/error_20/log_20250328_154134/metadata.json,u_arrmul4.cgp,error,10,2000,0.03,20.0,5000,,20,33.265625,logs/error_20/log_20250328_154134/log.csv
logs/error_20/log_20250328_152657/metadata.json,u_arrmul4.cgp,error,10,2000,0.03,20.0,5000,,20,36.6796875,logs/error_20/log_20250328_152657/log.csv
logs/error_20/log_20250328_153435/metadata.json,u_arrmul4.cgp,error,10,2000,0.03,20.0,5000,,20,36.53125,logs/error_20/log_20250328_153435/log.csv
logs/error_20/log_20250328_151341/metadata.json,u_arrmul4.cgp,error,10,2000,0.03,20.0,5000,,20,26.5078125,logs/error_20/log_20250328_151341/log.csv
logs/error_20/log_20250328_153319/metadata.json,u_arrmul4.cgp,error,10,2000,0.03,20.0,5000,,20,34.25,logs/error_20/log_20250328_153319/log.csv
logs/error_20/log_20250328_152420/metadata.json,u_arrmul4.cgp,error,10,2000,0.03,20.0,5000,,19,35.390625,logs/error_20/log_20250328_152420/log.csv
logs/error_20/log_20250328_151734/metadata.json,u_arrmul4.cgp,error,10,2000,0.03,20.0,5000,,20,36.21875,logs/error_20/log_20250328_151734/log.csv
logs/error_20/log_20250328_151607/metadata.json,u_arrmul4.cgp,error,10,2000,0.03,20.0,5000,,20,33.5859375,logs/error_20/log_20250328_151607/log.csv
logs/error_20/log_20250328_153917/metadata.json,u_arrmul4.cgp,error,10,2000,0.03,20.0,5000,,20,34.2109375,logs/error_20/log_20250328_153917/log.csv
logs/error_20/log_20250328_151955/metadata.json,u_arrmul4.cgp,error,10,2000,0.03,20.0,5000,,20,26.34375,logs/error_20/log_20250328_151955/log.csv
logs/error_20/log_20250328_154031/metadata.json,u_arrmul4.cgp,error,10,2000,0.03,20.0,5000,,20,36.1875,logs/error_20/log_20250328_154031/log.csv
logs/error_20/log_20250328_154448/metadata.json,u_arrmul4.cgp,error,10,2000,0.03,20.0,5000,,20,32.9140625,logs/error_20/log_20250328_154448/log.csv
logs/error_20/log_20250328_153815/metadata.json,u_arrmul4.cgp,error,10,2000,0.03,20.0,5000,,20,32.84375,logs/error_20/log_20250328_153815/log.csv
logs/area_0.58/log_20250327_222448/metadata.json,u_arrmul4.cgp,area,10,2000,0.03,0.58,,,58,0.578125,logs/area_0.58/log_20250327_222448/log.csv
logs/area_0.58/log_20250328_122704/metadata.json,u_arrmul4.cgp,area,10,2000,0.03,0.58,,,57,0.578125,logs/area_0.58/log_20250328_122704/log.csv
logs/area_0.58/log_20250328_123651/metadata.json,u_arrmul4.cgp,area,10,2000,0.03,0.58,,,57,0.5703125,logs/area_0.58/log_20250328_123651/log.csv
logs/area_0.58/log_20250328_122622/metadata.json,u_arrmul4.cgp,area,10,2000,0.03,0.58,,,56,0.5390625,logs/area_0.58/log_20250328_122622/log.csv
logs/area_0.58/log_20250328_123608/metadata.json,u_arrmul4.cgp,area,10,2000,0.03,0.58,,,59,0.5546875,logs/area_0.58/log_20250328_123608/log.csv
logs/area_0.58/log_20250327_222610/metadata.json,u_arrmul4.cgp,area,10,2000,0.03,0.58,,,59,0.578125,logs/area_0.58/log_20250327_222610/log.csv
logs/area_0.58/log_20250328_123033/metadata.json,u_arrmul4.cgp,area,10,2000,0.03,0.58,,,55,0.578125,logs/area_0.58/log_20250328_123033/log.csv
logs/area_0.58/log_20250328_123526/metadata.json,u_arrmul4.cgp,area,10,2000,0.03,0.58,,,58,0.5703125,logs/area_0.58/log_20250328_123526/log.csv
logs/area_0.58/log_20250328_123444/metadata.json,u_arrmul4.cgp,area,10,2000,0.03,0.58,,,55,0.5703125,logs/area_0.58/log_20250328_123444/log.csv
logs/area_0.58/log_20250328_122910/metadata.json,u_arrmul4.cgp,area,10,2000,0.03,0.58,,,55,0.578125,logs/area_0.58/log_20250328_122910/log.csv
logs/area_0.58/log_20250327_213449/metadata.json,u_arrmul4.cgp,area,10,2000,0.03,0.58,,,54,0.578125,logs/area_0.58/log_20250327_213449/log.csv
logs/area_0.58/log_20250328_123733/metadata.json,u_arrmul4.cgp,area,10,2000,0.03,0.58,,,62,0.56640625,logs/area_0.58/log_20250328_123733/log.csv
logs/area_0.58/log_20250328_122415/metadata.json,u_arrmul4.cgp,area,10,2000,0.03,0.58,,,55,0.578125,logs/area_0.58/log_20250328_122415/log.csv
logs/area_0.58/log_20250328_122540/metadata.json,u_arrmul4.cgp,area,10,2000,0.03,0.58,,,61,0.57421875,logs/area_0.58/log_20250328_122540/log.csv
logs/area_0.58/log_20250327_213530/metadata.json,u_arrmul4.cgp,area,10,2000,0.03,0.58,,,62,0.5390625,logs/area_0.58/log_20250327_213530/log.csv
logs/area_0.58/log_20250327_222651/metadata.json,u_arrmul4.cgp,area,10,2000,0.03,0.58,,,57,0.5625,logs/area_0.58/log_20250327_222651/log.csv
logs/area_0.58/log_20250328_122951/metadata.json,u_arrmul4.cgp,area,10,2000,0.03,0.58,,,56,0.578125,logs/area_0.58/log_20250328_122951/log.csv
logs/area_0.58/log_20250328_122746/metadata.json,u_arrmul4.cgp,area,10,2000,0.03,0.58,,,59,0.57421875,logs/area_0.58/log_20250328_122746/log.csv
logs/area_0.58/log_20250327_213245/metadata.json,u_arrmul4.cgp,area,10,2000,0.03,0.58,,,56,0.578125,logs/area_0.58/log_20250327_213245/log.csv
logs/area_0.58/log_20250327_213327/metadata.json,u_arrmul4.cgp,area,10,2000,0.03,0.58,,,55,0.5703125,logs/area_0.58/log_20250327_213327/log.csv
logs/area_0.58/log_20250328_122827/metadata.json,u_arrmul4.cgp,area,10,2000,0.03,0.58,,,56,0.578125,logs/area_0.58/log_20250328_122827/log.csv
logs/area_0.58/log_20250328_123114/metadata.json,u_arrmul4.cgp,area,10,2000,0.03,0.58,,,56,0.5703125,logs/area_0.58/log_20250328_123114/log.csv
logs/area_0.58/log_20250328_123402/metadata.json,u_arrmul4.cgp,area,10,2000,0.03,0.58,,,55,0.546875,logs/area_0.58/log_20250328_123402/log.csv
logs/area_0.58/log_20250328_123321/metadata.json,u_arrmul4.cgp,area,10,2000,0.03,0.58,,,61,0.57421875,logs/area_0.58/log_20250328_123321/log.csv
logs/area_0.58/log_20250327_213408/metadata.json,u_arrmul4.cgp,area,10,2000,0.03,0.58,,,58,0.57421875,logs/area_0.58/log_20250327_213408/log.csv
logs/area_0.58/log_20250327_222529/metadata.json,u_arrmul4.cgp,area,10,2000,0.03,0.58,,,56,0.5703125,logs/area_0.58/log_20250327_222529/log.csv
logs/area_0.58/log_20250328_123238/metadata.json,u_arrmul4.cgp,area,10,2000,0.03,0.58,,,59,0.578125,logs/area_0.58/log_20250328_123238/log.csv
logs/area_0.58/log_20250328_122458/metadata.json,u_arrmul4.cgp,area,10,2000,0.03,0.58,,,54,0.578125,logs/area_0.58/log_20250328_122458/log.csv
logs/area_0.58/log_20250328_123156/metadata.json,u_arrmul4.cgp,area,10,2000,0.03,0.58,,,58,0.546875,logs/area_0.58/log_20250328_123156/log.csv
logs/area_0.58/log_20250327_222733/metadata.json,u_arrmul4.cgp,area,10,2000,0.03,0.58,,,58,0.578125,logs/area_0.58/log_20250327_222733/log.csv
logs/area_11.11/log_20250328_122704/metadata.json,u_arrmul4.cgp,area,10,2000,0.03,11.11,,,30,11.0546875,logs/area_11.11/log_20250328_122704/log.csv
logs/area_11.11/log_20250327_224445/metadata.json,u_arrmul4.cgp,area,10,2000,0.03,11.11,,,24,10.4453125,logs/area_11.11/log_20250327_224445/log.csv
logs/area_11.11/log_20250328_122622/metadata.json,u_arrmul4.cgp,area,10,2000,0.03,11.11,,,21,10.734375,logs/area_11.11/log_20250328_122622/log.csv
logs/area_11.11/log_20250328_123202/metadata.json,u_arrmul4.cgp,area,10,2000,0.03,11.11,,,26,11.078125,logs/area_11.11/log_20250328_123202/log.csv
logs/area_11.11/log_20250328_122955/metadata.json,u_arrmul4.cgp,area,10,2000,0.03,11.11,,,22,11.078125,logs/area_11.11/log_20250328_122955/log.csv
logs/area_11.11/log_20250327_224403/metadata.json,u_arrmul4.cgp,area,10,2000,0.03,11.11,,,23,10.96875,logs/area_11.11/log_20250327_224403/log.csv
logs/area_11.11/log_20250328_123452/metadata.json,u_arrmul4.cgp,area,10,2000,0.03,11.11,,,21,10.4609375,logs/area_11.11/log_20250328_123452/log.csv
logs/area_11.11/log_20250327_215242/metadata.json,u_arrmul4.cgp,area,10,2000,0.03,11.11,,,24,10.5078125,logs/area_11.11/log_20250327_215242/log.csv
logs/area_11.11/log_20250328_122911/metadata.json,u_arrmul4.cgp,area,10,2000,0.03,11.11,,,22,10.9921875,logs/area_11.11/log_20250328_122911/log.csv
logs/area_11.11/log_20250328_122829/metadata.json,u_arrmul4.cgp,area,10,2000,0.03,11.11,,,25,10.03125,logs/area_11.11/log_20250328_122829/log.csv
logs/area_11.11/log_20250327_224159/metadata.json,u_arrmul4.cgp,area,10,2000,0.03,11.11,,,22,10.640625,logs/area_11.11/log_20250327_224159/log.csv
logs/area_11.11/log_20250328_123410/metadata.json,u_arrmul4.cgp,area,10,2000,0.03,11.11,,,22,10.1328125,logs/area_11.11/log_20250328_123410/log.csv
logs/area_11.11/log_20250328_122415/metadata.json,u_arrmul4.cgp,area,10,2000,0.03,11.11,,,24,10.71875,logs/area_11.11/log_20250328_122415/log.csv
logs/area_11.11/log_20250328_123616/metadata.json,u_arrmul4.cgp,area,10,2000,0.03,11.11,,,22,11.1015625,logs/area_11.11/log_20250328_123616/log.csv
logs/area_11.11/log_20250328_122540/metadata.json,u_arrmul4.cgp,area,10,2000,0.03,11.11,,,20,10.859375,logs/area_11.11/log_20250328_122540/log.csv
logs/area_11.11/log_20250327_224323/metadata.json,u_arrmul4.cgp,area,10,2000,0.03,11.11,,,20,10.9375,logs/area_11.11/log_20250327_224323/log.csv
logs/area_11.11/log_20250328_122746/metadata.json,u_arrmul4.cgp,area,10,2000,0.03,11.11,,,22,10.859375,logs/area_11.11/log_20250328_122746/log.csv
logs/area_11.11/log_20250328_123659/metadata.json,u_arrmul4.cgp,area,10,2000,0.03,11.11,,,19,10.625,logs/area_11.11/log_20250328_123659/log.csv
logs/area_11.11/log_20250327_215200/metadata.json,u_arrmul4.cgp,area,10,2000,0.03,11.11,,,22,11.0625,logs/area_11.11/log_20250327_215200/log.csv
logs/area_11.11/log_20250328_123038/metadata.json,u_arrmul4.cgp,area,10,2000,0.03,11.11,,,23,10.53125,logs/area_11.11/log_20250328_123038/log.csv
logs/area_11.11/log_20250328_123245/metadata.json,u_arrmul4.cgp,area,10,2000,0.03,11.11,,,22,10.484375,logs/area_11.11/log_20250328_123245/log.csv
logs/area_11.11/log_20250327_215037/metadata.json,u_arrmul4.cgp,area,10,2000,0.03,11.11,,,23,10.703125,logs/area_11.11/log_20250327_215037/log.csv
logs/area_11.11/log_20250328_123742/metadata.json,u_arrmul4.cgp,area,10,2000,0.03,11.11,,,20,11.0234375,logs/area_11.11/log_20250328_123742/log.csv
logs/area_11.11/log_20250328_123534/metadata.json,u_arrmul4.cgp,area,10,2000,0.03,11.11,,,21,10.703125,logs/area_11.11/log_20250328_123534/log.csv
logs/area_11.11/log_20250327_214956/metadata.json,u_arrmul4.cgp,area,10,2000,0.03,11.11,,,19,11.0703125,logs/area_11.11/log_20250327_214956/log.csv
logs/area_11.11/log_20250328_123328/metadata.json,u_arrmul4.cgp,area,10,2000,0.03,11.11,,,26,10.8671875,logs/area_11.11/log_20250328_123328/log.csv
logs/area_11.11/log_20250328_123120/metadata.json,u_arrmul4.cgp,area,10,2000,0.03,11.11,,,26,11.046875,logs/area_11.11/log_20250328_123120/log.csv
logs/area_11.11/log_20250327_215118/metadata.json,u_arrmul4.cgp,area,10,2000,0.03,11.11,,,22,10.0234375,logs/area_11.11/log_20250327_215118/log.csv
logs/area_11.11/log_20250328_122458/metadata.json,u_arrmul4.cgp,area,10,2000,0.03,11.11,,,23,10.828125,logs/area_11.11/log_20250328_122458/log.csv
logs/area_11.11/log_20250327_224241/metadata.json,u_arrmul4.cgp,area,10,2000,0.03,11.11,,,20,10.96875,logs/area_11.11/log_20250327_224241/log.csv
logs/error_44/log_20250328_152041/metadata.json,u_arrmul4.cgp,error,10,2000,0.03,44.0,5000,,43,24.078125,logs/error_44/log_20250328_152041/log.csv
logs/error_44/log_20250328_152924/metadata.json,u_arrmul4.cgp,error,10,2000,0.03,44.0,5000,,44,26.6015625,logs/error_44/log_20250328_152924/log.csv
logs/error_44/log_20250328_153011/metadata.json,u_arrmul4.cgp,error,10,2000,0.03,44.0,5000,,44,31.3671875,logs/error_44/log_20250328_153011/log.csv
logs/error_44/log_20250328_153201/metadata.json,u_arrmul4.cgp,error,10,2000,0.03,44.0,5000,,44,32.515625,logs/error_44/log_20250328_153201/log.csv
logs/error_44/log_20250328_153058/metadata.json,u_arrmul4.cgp,error,10,2000,0.03,44.0,5000,,43,34.703125,logs/error_44/log_20250328_153058/log.csv
logs/error_44/log_20250328_151147/metadata.json,u_arrmul4.cgp,error,10,2000,0.03,44.0,5000,,44,34.859375,logs/error_44/log_20250328_151147/log.csv
logs/error_44/log_20250328_151319/metadata.json,u_arrmul4.cgp,error,10,2000,0.03,44.0,5000,,44,32.84375,logs/error_44/log_20250328_151319/log.csv
logs/error_44/log_20250328_151018/metadata.json,u_arrmul4.cgp,error,10,2000,0.03,44.0,5000,,44,36.1796875,logs/error_44/log_20250328_151018/log.csv
logs/error_44/log_20250328_152654/metadata.json,u_arrmul4.cgp,error,10,2000,0.03,44.0,5000,,43,25.65625,logs/error_44/log_20250328_152654/log.csv
logs/error_44/log_20250328_151234/metadata.json,u_arrmul4.cgp,error,10,2000,0.03,44.0,5000,,44,32.84375,logs/error_44/log_20250328_151234/log.csv
logs/error_44/log_20250328_151545/metadata.json,u_arrmul4.cgp,error,10,2000,0.03,44.0,5000,,44,35.421875,logs/error_44/log_20250328_151545/log.csv
logs/error_44/log_20250328_153246/metadata.json,u_arrmul4.cgp,error,10,2000,0.03,44.0,5000,,44,32.9140625,logs/error_44/log_20250328_153246/log.csv
logs/error_44/log_20250328_152139/metadata.json,u_arrmul4.cgp,error,10,2000,0.03,44.0,5000,,43,29.5625,logs/error_44/log_20250328_152139/log.csv
logs/error_44/log_20250328_152224/metadata.json,u_arrmul4.cgp,error,10,2000,0.03,44.0,5000,,43,23.2578125,logs/error_44/log_20250328_152224/log.csv
logs/error_44/log_20250328_150934/metadata.json,u_arrmul4.cgp,error,10,2000,0.03,44.0,5000,,44,21.734375,logs/error_44/log_20250328_150934/log.csv
logs/error_44/log_20250328_151451/metadata.json,u_arrmul4.cgp,error,10,2000,0.03,44.0,5000,,44,32.0078125,logs/error_44/log_20250328_151451/log.csv
logs/error_44/log_20250328_152839/metadata.json,u_arrmul4.cgp,error,10,2000,0.03,44.0,5000,,44,29.21875,logs/error_44/log_20250328_152839/log.csv
logs/error_44/log_20250328_152750/metadata.json,u_arrmul4.cgp,error,10,2000,0.03,44.0,5000,,43,24.5390625,logs/error_44/log_20250328_152750/log.csv
logs/error_44/log_20250328_152435/metadata.json,u_arrmul4.cgp,error,10,2000,0.03,44.0,5000,,43,32.734375,logs/error_44/log_20250328_152435/log.csv
logs/error_44/log_20250328_151104/metadata.json,u_arrmul4.cgp,error,10,2000,0.03,44.0,5000,,44,36.5390625,logs/error_44/log_20250328_151104/log.csv
logs/error_44/log_20250328_151905/metadata.json,u_arrmul4.cgp,error,10,2000,0.03,44.0,5000,,44,36.140625,logs/error_44/log_20250328_151905/log.csv
logs/error_44/log_20250328_152351/metadata.json,u_arrmul4.cgp,error,10,2000,0.03,44.0,5000,,44,33.734375,logs/error_44/log_20250328_152351/log.csv
logs/error_44/log_20250328_151405/metadata.json,u_arrmul4.cgp,error,10,2000,0.03,44.0,5000,,44,32.84375,logs/error_44/log_20250328_151405/log.csv
logs/error_44/log_20250328_151956/metadata.json,u_arrmul4.cgp,error,10,2000,0.03,44.0,5000,,44,25.4765625,logs/error_44/log_20250328_151956/log.csv
logs/error_44/log_20250328_152520/metadata.json,u_arrmul4.cgp,error,10,2000,0.03,44.0,5000,,42,31.65625,logs/error_44/log_20250328_152520/log.csv
logs/error_44/log_20250328_151734/metadata.json,u_arrmul4.cgp,error,10,2000,0.03,44.0,5000,,44,36.953125,logs/error_44/log_20250328_151734/log.csv
logs/error_44/log_20250328_151820/metadata.json,u_arrmul4.cgp,error,10,2000,0.03,44.0,5000,,44,28.9296875,logs/error_44/log_20250328_151820/log.csv
logs/error_44/log_20250328_152609/metadata.json,u_arrmul4.cgp,error,10,2000,0.03,44.0,5000,,44,34.53125,logs/error_44/log_20250328_152609/log.csv
logs/error_44/log_20250328_151650/metadata.json,u_arrmul4.cgp,error,10,2000,0.03,44.0,5000,,43,32.78125,logs/error_44/log_20250328_151650/log.csv
logs/error_44/log_20250328_152307/metadata.json,u_arrmul4.cgp,error,10,2000,0.03,44.0,5000,,44,32.84375,logs/error_44/log_20250328_152307/log.csv
logs/error_32/log_20250328_152903/metadata.json,u_arrmul4.cgp,error,10,2000,0.03,32.0,5000,,32,35.2734375,logs/error_32/log_20250328_152903/log.csv
logs/error_32/log_20250328_152020/metadata.json,u_arrmul4.cgp,error,10,2000,0.03,32.0,5000,,32,32.515625,logs/error_32/log_20250328_152020/log.csv
logs/error_32/log_20250328_152306/metadata.json,u_arrmul4.cgp,error,10,2000,0.03,32.0,5000,,32,35.171875,logs/error_32/log_20250328_152306/log.csv
logs/error_32/log_20250328_151251/metadata.json,u_arrmul4.cgp,error,10,2000,0.03,32.0,5000,,32,21.8515625,logs/error_32/log_20250328_151251/log.csv
logs/error_32/log_20250328_152635/metadata.json,u_arrmul4.cgp,error,10,2000,0.03,32.0,5000,,32,25.3515625,logs/error_32/log_20250328_152635/log.csv
logs/error_32/log_20250328_151931/metadata.json,u_arrmul4.cgp,error,10,2000,0.03,32.0,5000,,32,33.1328125,logs/error_32/log_20250328_151931/log.csv
logs/error_32/log_20250328_151022/metadata.json,u_arrmul4.cgp,error,10,2000,0.03,32.0,5000,,32,32.84375,logs/error_32/log_20250328_151022/log.csv
logs/error_32/log_20250328_151612/metadata.json,u_arrmul4.cgp,error,10,2000,0.03,32.0,5000,,32,35.390625,logs/error_32/log_20250328_151612/log.csv
logs/error_32/log_20250328_152447/metadata.json,u_arrmul4.cgp,error,10,2000,0.03,32.0,5000,,32,32.9140625,logs/error_32/log_20250328_152447/log.csv
logs/error_32/log_20250328_153041/metadata.json,u_arrmul4.cgp,error,10,2000,0.03,32.0,5000,,32,34.2734375,logs/error_32/log_20250328_153041/log.csv
logs/error_32/log_20250328_152118/metadata.json,u_arrmul4.cgp,error,10,2000,0.03,32.0,5000,,32,35.1015625,logs/error_32/log_20250328_152118/log.csv
logs/error_32/log_20250328_151844/metadata.json,u_arrmul4.cgp,error,10,2000,0.03,32.0,5000,,32,32.796875,logs/error_32/log_20250328_151844/log.csv
logs/error_32/log_20250328_153130/metadata.json,u_arrmul4.cgp,error,10,2000,0.03,32.0,5000,,32,34.2109375,logs/error_32/log_20250328_153130/log.csv
logs/error_32/log_20250328_151659/metadata.json,u_arrmul4.cgp,error,10,2000,0.03,32.0,5000,,32,35.7890625,logs/error_32/log_20250328_151659/log.csv
logs/error_32/log_20250328_150934/metadata.json,u_arrmul4.cgp,error,10,2000,0.03,32.0,5000,,32,31.890625,logs/error_32/log_20250328_150934/log.csv
logs/error_32/log_20250328_151109/metadata.json,u_arrmul4.cgp,error,10,2000,0.03,32.0,5000,,32,35.1015625,logs/error_32/log_20250328_151109/log.csv
logs/error_32/log_20250328_152724/metadata.json,u_arrmul4.cgp,error,10,2000,0.03,32.0,5000,,32,34.6015625,logs/error_32/log_20250328_152724/log.csv
logs/error_32/log_20250328_153354/metadata.json,u_arrmul4.cgp,error,10,2000,0.03,32.0,5000,,32,32.8828125,logs/error_32/log_20250328_153354/log.csv
logs/error_32/log_20250328_152954/metadata.json,u_arrmul4.cgp,error,10,2000,0.03,32.0,5000,,32,34.90625,logs/error_32/log_20250328_152954/log.csv
logs/error_32/log_20250328_152351/metadata.json,u_arrmul4.cgp,error,10,2000,0.03,32.0,5000,,32,34.2109375,logs/error_32/log_20250328_152351/log.csv
logs/error_32/log_20250328_151200/metadata.json,u_arrmul4.cgp,error,10,2000,0.03,32.0,5000,,32,26.625,logs/error_32/log_20250328_151200/log.csv
logs/error_32/log_20250328_153220/metadata.json,u_arrmul4.cgp,error,10,2000,0.03,32.0,5000,,32,35.6640625,logs/error_32/log_20250328_153220/log.csv
logs/error_32/log_20250328_152811/metadata.json,u_arrmul4.cgp,error,10,2000,0.03,32.0,5000,,32,32.8828125,logs/error_32/log_20250328_152811/log.csv
logs/error_32/log_20250328_151522/metadata.json,u_arrmul4.cgp,error,10,2000,0.03,32.0,5000,,31,34.0234375,logs/error_32/log_20250328_151522/log.csv
logs/error_32/log_20250328_151339/metadata.json,u_arrmul4.cgp,error,10,2000,0.03,32.0,5000,,32,29.3515625,logs/error_32/log_20250328_151339/log.csv
logs/error_32/log_20250328_152544/metadata.json,u_arrmul4.cgp,error,10,2000,0.03,32.0,5000,,32,25.4765625,logs/error_32/log_20250328_152544/log.csv
logs/error_32/log_20250328_153307/metadata.json,u_arrmul4.cgp,error,10,2000,0.03,32.0,5000,,32,35.7890625,logs/error_32/log_20250328_153307/log.csv
logs/error_32/log_20250328_151750/metadata.json,u_arrmul4.cgp,error,10,2000,0.03,32.0,5000,,32,34.875,logs/error_32/log_20250328_151750/log.csv
logs/error_32/log_20250328_151433/metadata.json,u_arrmul4.cgp,error,10,2000,0.03,32.0,5000,,32,32.71875,logs/error_32/log_20250328_151433/log.csv
logs/error_32/log_20250328_152214/metadata.json,u_arrmul4.cgp,error,10,2000,0.03,32.0,5000,,32,32.8828125,logs/error_32/log_20250328_152214/log.csv
logs/area_3.42/log_20250328_122704/metadata.json,u_arrmul4.cgp,area,10,2000,0.03,3.42,,,38,3.3359375,logs/area_3.42/log_20250328_122704/log.csv
logs/area_3.42/log_20250328_123200/metadata.json,u_arrmul4.cgp,area,10,2000,0.03,3.42,,,37,3.34375,logs/area_3.42/log_20250328_123200/log.csv
logs/area_3.42/log_20250327_223506/metadata.json,u_arrmul4.cgp,area,10,2000,0.03,3.42,,,37,3.40625,logs/area_3.42/log_20250327_223506/log.csv
logs/area_3.42/log_20250327_214547/metadata.json,u_arrmul4.cgp,area,10,2000,0.03,3.42,,,37,3.3984375,logs/area_3.42/log_20250327_214547/log.csv
logs/area_3.42/log_20250328_122622/metadata.json,u_arrmul4.cgp,area,10,2000,0.03,3.42,,,37,3.3359375,logs/area_3.42/log_20250328_122622/log.csv
logs/area_3.42/log_20250327_223752/metadata.json,u_arrmul4.cgp,area,10,2000,0.03,3.42,,,35,3.3671875,logs/area_3.42/log_20250327_223752/log.csv
logs/area_3.42/log_20250328_123242/metadata.json,u_arrmul4.cgp,area,10,2000,0.03,3.42,,,37,3.296875,logs/area_3.42/log_20250328_123242/log.csv
logs/area_3.42/log_20250328_123613/metadata.json,u_arrmul4.cgp,area,10,2000,0.03,3.42,,,39,3.40625,logs/area_3.42/log_20250328_123613/log.csv
logs/area_3.42/log_20250328_123325/metadata.json,u_arrmul4.cgp,area,10,2000,0.03,3.42,,,41,3.390625,logs/area_3.42/log_20250328_123325/log.csv
logs/area_3.42/log_20250327_223710/metadata.json,u_arrmul4.cgp,area,10,2000,0.03,3.42,,,39,3.4140625,logs/area_3.42/log_20250327_223710/log.csv
logs/area_3.42/log_20250327_223548/metadata.json,u_arrmul4.cgp,area,10,2000,0.03,3.42,,,37,3.3671875,logs/area_3.42/log_20250327_223548/log.csv
logs/area_3.42/log_20250328_122415/metadata.json,u_arrmul4.cgp,area,10,2000,0.03,3.42,,,35,3.359375,logs/area_3.42/log_20250328_122415/log.csv
logs/area_3.42/log_20250328_122540/metadata.json,u_arrmul4.cgp,area,10,2000,0.03,3.42,,,36,3.390625,logs/area_3.42/log_20250328_122540/log.csv
logs/area_3.42/log_20250327_214343/metadata.json,u_arrmul4.cgp,area,10,2000,0.03,3.42,,,35,3.34375,logs/area_3.42/log_20250327_214343/log.csv
logs/area_3.42/log_20250328_122913/metadata.json,u_arrmul4.cgp,area,10,2000,0.03,3.42,,,39,3.265625,logs/area_3.42/log_20250328_122913/log.csv
logs/area_3.42/log_20250328_122747/metadata.json,u_arrmul4.cgp,area,10,2000,0.03,3.42,,,36,3.3125,logs/area_3.42/log_20250328_122747/log.csv
logs/area_3.42/log_20250327_223629/metadata.json,u_arrmul4.cgp,area,10,2000,0.03,3.42,,,36,3.3828125,logs/area_3.42/log_20250327_223629/log.csv
logs/area_3.42/log_20250328_123655/metadata.json,u_arrmul4.cgp,area,10,2000,0.03,3.42,,,39,3.3671875,logs/area_3.42/log_20250328_123655/log.csv
logs/area_3.42/log_20250327_214302/metadata.json,u_arrmul4.cgp,area,10,2000,0.03,3.42,,,39,3.40625,logs/area_3.42/log_20250327_214302/log.csv
logs/area_3.42/log_20250328_123118/metadata.json,u_arrmul4.cgp,area,10,2000,0.03,3.42,,,40,3.4140625,logs/area_3.42/log_20250328_123118/log.csv
logs/area_3.42/log_20250328_123737/metadata.json,u_arrmul4.cgp,area,10,2000,0.03,3.42,,,36,3.4140625,logs/area_3.42/log_20250328_123737/log.csv
logs/area_3.42/log_20250328_122830/metadata.json,u_arrmul4.cgp,area,10,2000,0.03,3.42,,,39,3.25,logs/area_3.42/log_20250328_122830/log.csv
logs/area_3.42/log_20250328_123407/metadata.json,u_arrmul4.cgp,area,10,2000,0.03,3.42,,,43,3.3984375,logs/area_3.42/log_20250328_123407/log.csv
logs/area_3.42/log_20250327_214506/metadata.json,u_arrmul4.cgp,area,10,2000,0.03,3.42,,,37,3.40625,logs/area_3.42/log_20250327_214506/log.csv
logs/area_3.42/log_20250327_214424/metadata.json,u_arrmul4.cgp,area,10,2000,0.03,3.42,,,38,3.359375,logs/area_3.42/log_20250327_214424/log.csv
logs/area_3.42/log_20250328_123449/metadata.json,u_arrmul4.cgp,area,10,2000,0.03,3.42,,,36,3.3359375,logs/area_3.42/log_20250328_123449/log.csv
logs/area_3.42/log_20250328_122459/metadata.json,u_arrmul4.cgp,area,10,2000,0.03,3.42,,,39,3.2109375,logs/area_3.42/log_20250328_122459/log.csv
logs/area_3.42/log_20250328_123036/metadata.json,u_arrmul4.cgp,area,10,2000,0.03,3.42,,,38,3.3984375,logs/area_3.42/log_20250328_123036/log.csv
logs/area_3.42/log_20250328_123531/metadata.json,u_arrmul4.cgp,area,10,2000,0.03,3.42,,,38,3.40625,logs/area_3.42/log_20250328_123531/log.csv
logs/area_3.42/log_20250328_122954/metadata.json,u_arrmul4.cgp,area,10,2000,0.03,3.42,,,37,3.34375,logs/area_3.42/log_20250328_122954/log.csv
logs/error_36/log_20250328_152424/metadata.json,u_arrmul4.cgp,error,10,2000,0.03,36.0,5000,,36,24.28125,logs/error_36/log_20250328_152424/log.csv
logs/error_36/log_20250328_152926/metadata.json,u_arrmul4.cgp,error,10,2000,0.03,36.0,5000,,36,34.2109375,logs/error_36/log_20250328_152926/log.csv
logs/error_36/log_20250328_151239/metadata.json,u_arrmul4.cgp,error,10,2000,0.03,36.0,5000,,36,32.90625,logs/error_36/log_20250328_151239/log.csv
logs/error_36/log_20250328_152517/metadata.json,u_arrmul4.cgp,error,10,2000,0.03,36.0,5000,,36,32.515625,logs/error_36/log_20250328_152517/log.csv
logs/error_36/log_20250328_151325/metadata.json,u_arrmul4.cgp,error,10,2000,0.03,36.0,5000,,36,22.34375,logs/error_36/log_20250328_151325/log.csv
logs/error_36/log_20250328_153144/metadata.json,u_arrmul4.cgp,error,10,2000,0.03,36.0,5000,,36,34.609375,logs/error_36/log_20250328_153144/log.csv
logs/error_36/log_20250328_153059/metadata.json,u_arrmul4.cgp,error,10,2000,0.03,36.0,5000,,36,32.515625,logs/error_36/log_20250328_153059/log.csv
logs/error_36/log_20250328_152603/metadata.json,u_arrmul4.cgp,error,10,2000,0.03,36.0,5000,,36,20.6875,logs/error_36/log_20250328_152603/log.csv
logs/error_36/log_20250328_152111/metadata.json,u_arrmul4.cgp,error,10,2000,0.03,36.0,5000,,36,24.7578125,logs/error_36/log_20250328_152111/log.csv
logs/error_36/log_20250328_152247/metadata.json,u_arrmul4.cgp,error,10,2000,0.03,36.0,5000,,36,36.09375,logs/error_36/log_20250328_152247/log.csv
logs/error_36/log_20250328_150934/metadata.json,u_arrmul4.cgp,error,10,2000,0.03,36.0,5000,,36,22.7109375,logs/error_36/log_20250328_150934/log.csv
logs/error_36/log_20250328_152024/metadata.json,u_arrmul4.cgp,error,10,2000,0.03,36.0,5000,,36,34.1484375,logs/error_36/log_20250328_152024/log.csv
logs/error_36/log_20250328_153236/metadata.json,u_arrmul4.cgp,error,10,2000,0.03,36.0,5000,,36,34.640625,logs/error_36/log_20250328_153236/log.csv
logs/error_36/log_20250328_151839/metadata.json,u_arrmul4.cgp,error,10,2000,0.03,36.0,5000,,36,35.6796875,logs/error_36/log_20250328_151839/log.csv
logs/error_36/log_20250328_153322/metadata.json,u_arrmul4.cgp,error,10,2000,0.03,36.0,5000,,36,34.4765625,logs/error_36/log_20250328_153322/log.csv
logs/error_36/log_20250328_151748/metadata.json,u_arrmul4.cgp,error,10,2000,0.03,36.0,5000,,36,19.015625,logs/error_36/log_20250328_151748/log.csv
logs/error_36/log_20250328_153012/metadata.json,u_arrmul4.cgp,error,10,2000,0.03,36.0,5000,,36,34.703125,logs/error_36/log_20250328_153012/log.csv
logs/error_36/log_20250328_151415/metadata.json,u_arrmul4.cgp,error,10,2000,0.03,36.0,5000,,36,32.9140625,logs/error_36/log_20250328_151415/log.csv
logs/error_36/log_20250328_152837/metadata.json,u_arrmul4.cgp,error,10,2000,0.03,36.0,5000,,36,32.578125,logs/error_36/log_20250328_152837/log.csv
logs/error_36/log_20250328_151517/metadata.json,u_arrmul4.cgp,error,10,2000,0.03,36.0,5000,,36,32.8828125,logs/error_36/log_20250328_151517/log.csv
logs/error_36/log_20250328_151019/metadata.json,u_arrmul4.cgp,error,10,2000,0.03,36.0,5000,,36,32.6484375,logs/error_36/log_20250328_151019/log.csv
logs/error_36/log_20250328_151151/metadata.json,u_arrmul4.cgp,error,10,2000,0.03,36.0,5000,,36,26.4453125,logs/error_36/log_20250328_151151/log.csv
logs/error_36/log_20250328_151106/metadata.json,u_arrmul4.cgp,error,10,2000,0.03,36.0,5000,,36,35.2734375,logs/error_36/log_20250328_151106/log.csv
logs/error_36/log_20250328_152157/metadata.json,u_arrmul4.cgp,error,10,2000,0.03,36.0,5000,,36,32.84375,logs/error_36/log_20250328_152157/log.csv
logs/error_36/log_20250328_152336/metadata.json,u_arrmul4.cgp,error,10,2000,0.03,36.0,5000,,36,25.21875,logs/error_36/log_20250328_152336/log.csv
logs/error_36/log_20250328_151604/metadata.json,u_arrmul4.cgp,error,10,2000,0.03,36.0,5000,,36,30.6015625,logs/error_36/log_20250328_151604/log.csv
logs/error_36/log_20250328_152749/metadata.json,u_arrmul4.cgp,error,10,2000,0.03,36.0,5000,,36,34.6796875,logs/error_36/log_20250328_152749/log.csv
logs/error_36/log_20250328_151650/metadata.json,u_arrmul4.cgp,error,10,2000,0.03,36.0,5000,,36,34.265625,logs/error_36/log_20250328_151650/log.csv
logs/error_36/log_20250328_151933/metadata.json,u_arrmul4.cgp,error,10,2000,0.03,36.0,5000,,36,24.09375,logs/error_36/log_20250328_151933/log.csv
logs/error_36/log_20250328_152701/metadata.json,u_arrmul4.cgp,error,10,2000,0.03,36.0,5000,,36,32.515625,logs/error_36/log_20250328_152701/log.csv
logs/area_6.17/log_20250328_123607/metadata.json,u_arrmul4.cgp,area,10,2000,0.03,6.17,,,28,6.15625,logs/area_6.17/log_20250328_123607/log.csv
logs/area_6.17/log_20250328_122704/metadata.json,u_arrmul4.cgp,area,10,2000,0.03,6.17,,,30,6.0625,logs/area_6.17/log_20250328_122704/log.csv
logs/area_6.17/log_20250328_123728/metadata.json,u_arrmul4.cgp,area,10,2000,0.03,6.17,,,36,6.140625,logs/area_6.17/log_20250328_123728/log.csv
logs/area_6.17/log_20250327_214711/metadata.json,u_arrmul4.cgp,area,10,2000,0.03,6.17,,,27,6.0703125,logs/area_6.17/log_20250327_214711/log.csv
logs/area_6.17/log_20250327_223914/metadata.json,u_arrmul4.cgp,area,10,2000,0.03,6.17,,,27,6.1484375,logs/area_6.17/log_20250327_223914/log.csv
logs/area_6.17/log_20250328_123442/metadata.json,u_arrmul4.cgp,area,10,2000,0.03,6.17,,,30,6.125,logs/area_6.17/log_20250328_123442/log.csv
logs/area_6.17/log_20250328_122622/metadata.json,u_arrmul4.cgp,area,10,2000,0.03,6.17,,,31,6.109375,logs/area_6.17/log_20250328_122622/log.csv
logs/area_6.17/log_20250327_224118/metadata.json,u_arrmul4.cgp,area,10,2000,0.03,6.17,,,30,6.0234375,logs/area_6.17/log_20250327_224118/log.csv
logs/area_6.17/log_20250327_224036/metadata.json,u_arrmul4.cgp,area,10,2000,0.03,6.17,,,33,6.0546875,logs/area_6.17/log_20250327_224036/log.csv
logs/area_6.17/log_20250327_214915/metadata.json,u_arrmul4.cgp,area,10,2000,0.03,6.17,,,28,6.1484375,logs/area_6.17/log_20250327_214915/log.csv
logs/area_6.17/log_20250328_123237/metadata.json,u_arrmul4.cgp,area,10,2000,0.03,6.17,,,28,6.1484375,logs/area_6.17/log_20250328_123237/log.csv
logs/area_6.17/log_20250328_122950/metadata.json,u_arrmul4.cgp,area,10,2000,0.03,6.17,,,29,6.109375,logs/area_6.17/log_20250328_122950/log.csv
logs/area_6.17/log_20250328_123401/metadata.json,u_arrmul4.cgp,area,10,2000,0.03,6.17,,,28,6.109375,logs/area_6.17/log_20250328_123401/log.csv
logs/area_6.17/log_20250327_214752/metadata.json,u_arrmul4.cgp,area,10,2000,0.03,6.17,,,32,6.140625,logs/area_6.17/log_20250327_214752/log.csv
logs/area_6.17/log_20250328_123525/metadata.json,u_arrmul4.cgp,area,10,2000,0.03,6.17,,,29,5.9296875,logs/area_6.17/log_20250328_123525/log.csv
logs/area_6.17/log_20250328_122415/metadata.json,u_arrmul4.cgp,area,10,2000,0.03,6.17,,,30,6.1484375,logs/area_6.17/log_20250328_122415/log.csv
logs/area_6.17/log_20250328_122909/metadata.json,u_arrmul4.cgp,area,10,2000,0.03,6.17,,,28,6.1328125,logs/area_6.17/log_20250328_122909/log.csv
logs/area_6.17/log_20250328_122540/metadata.json,u_arrmul4.cgp,area,10,2000,0.03,6.17,,,30,6.109375,logs/area_6.17/log_20250328_122540/log.csv
logs/area_6.17/log_20250327_223955/metadata.json,u_arrmul4.cgp,area,10,2000,0.03,6.17,,,28,6.0234375,logs/area_6.17/log_20250327_223955/log.csv
logs/area_6.17/log_20250328_122746/metadata.json,u_arrmul4.cgp,area,10,2000,0.03,6.17,,,29,6.0078125,logs/area_6.17/log_20250328_122746/log.csv
logs/area_6.17/log_20250327_214629/metadata.json,u_arrmul4.cgp,area,10,2000,0.03,6.17,,,29,5.7109375,logs/area_6.17/log_20250327_214629/log.csv
logs/area_6.17/log_20250328_122827/metadata.json,u_arrmul4.cgp,area,10,2000,0.03,6.17,,,31,6.15625,logs/area_6.17/log_20250328_122827/log.csv
logs/area_6.17/log_20250328_123114/metadata.json,u_arrmul4.cgp,area,10,2000,0.03,6.17,,,32,6.1328125,logs/area_6.17/log_20250328_123114/log.csv
logs/area_6.17/log_20250328_123032/metadata.json,u_arrmul4.cgp,area,10,2000,0.03,6.17,,,30,6.109375,logs/area_6.17/log_20250328_123032/log.csv
logs/area_6.17/log_20250328_123319/metadata.json,u_arrmul4.cgp,area,10,2000,0.03,6.17,,,28,5.7890625,logs/area_6.17/log_20250328_123319/log.csv
logs/area_6.17/log_20250328_123648/metadata.json,u_arrmul4.cgp,area,10,2000,0.03,6.17,,,32,6.0234375,logs/area_6.17/log_20250328_123648/log.csv
logs/area_6.17/log_20250328_122458/metadata.json,u_arrmul4.cgp,area,10,2000,0.03,6.17,,,27,6.078125,logs/area_6.17/log_20250328_122458/log.csv
logs/area_6.17/log_20250328_123156/metadata.json,u_arrmul4.cgp,area,10,2000,0.03,6.17,,,29,5.9765625,logs/area_6.17/log_20250328_123156/log.csv
logs/area_6.17/log_20250327_214833/metadata.json,u_arrmul4.cgp,area,10,2000,0.03,6.17,,,29,5.6875,logs/area_6.17/log_20250327_214833/log.csv
logs/area_6.17/log_20250327_223832/metadata.json,u_arrmul4.cgp,area,10,2000,0.03,6.17,,,31,6.125,logs/area_6.17/log_20250327_223832/log.csv
logs/area_0.32/log_20250327_213205/metadata.json,u_arrmul4.cgp,area,10,2000,0.03,0.32,,,60,0.30859375,logs/area_0.32/log_20250327_213205/log.csv
logs/area_0.32/log_20250328_123516/metadata.json,u_arrmul4.cgp,area,10,2000,0.03,0.32,,,62,0.31640625,logs/area_0.32/log_20250328_123516/log.csv
logs/area_0.32/log_20250328_122900/metadata.json,u_arrmul4.cgp,area,10,2000,0.03,0.32,,,58,0.3125,logs/area_0.32/log_20250328_122900/log.csv
logs/area_0.32/log_20250327_222407/metadata.json,u_arrmul4.cgp,area,10,2000,0.03,0.32,,,59,0.3046875,logs/area_0.32/log_20250327_222407/log.csv
logs/area_0.32/log_20250328_122455/metadata.json,u_arrmul4.cgp,area,10,2000,0.03,0.32,,,60,0.3046875,logs/area_0.32/log_20250328_122455/log.csv
logs/area_0.32/log_20250327_213043/metadata.json,u_arrmul4.cgp,area,10,2000,0.03,0.32,,,58,0.31640625,logs/area_0.32/log_20250327_213043/log.csv
logs/area_0.32/log_20250328_123105/metadata.json,u_arrmul4.cgp,area,10,2000,0.03,0.32,,,59,0.3125,logs/area_0.32/log_20250328_123105/log.csv
logs/area_0.32/log_20250328_123024/metadata.json,u_arrmul4.cgp,area,10,2000,0.03,0.32,,,57,0.296875,logs/area_0.32/log_20250328_123024/log.csv
logs/area_0.32/log_20250328_123229/metadata.json,u_arrmul4.cgp,area,10,2000,0.03,0.32,,,60,0.2890625,logs/area_0.32/log_20250328_123229/log.csv
logs/area_0.32/log_20250328_122415/metadata.json,u_arrmul4.cgp,area,10,2000,0.03,0.32,,,60,0.3046875,logs/area_0.32/log_20250328_122415/log.csv
logs/area_0.32/log_20250328_122616/metadata.json,u_arrmul4.cgp,area,10,2000,0.03,0.32,,,57,0.3125,logs/area_0.32/log_20250328_122616/log.csv
logs/area_0.32/log_20250328_122738/metadata.json,u_arrmul4.cgp,area,10,2000,0.03,0.32,,,57,0.31640625,logs/area_0.32/log_20250328_122738/log.csv
logs/area_0.32/log_20250328_123720/metadata.json,u_arrmul4.cgp,area,10,2000,0.03,0.32,,,59,0.3046875,logs/area_0.32/log_20250328_123720/log.csv
logs/area_0.32/log_20250328_123434/metadata.json,u_arrmul4.cgp,area,10,2000,0.03,0.32,,,60,0.296875,logs/area_0.32/log_20250328_123434/log.csv
logs/area_0.32/log_20250328_122942/metadata.json,u_arrmul4.cgp,area,10,2000,0.03,0.32,,,60,0.3125,logs/area_0.32/log_20250328_122942/log.csv
logs/area_0.32/log_20250327_222246/metadata.json,u_arrmul4.cgp,area,10,2000,0.03,0.32,,,60,0.2890625,logs/area_0.32/log_20250327_222246/log.csv
logs/area_0.32/log_20250327_213003/metadata.json,u_arrmul4.cgp,area,10,2000,0.03,0.32,,,57,0.31640625,logs/area_0.32/log_20250327_213003/log.csv
logs/area_0.32/log_20250328_122536/metadata.json,u_arrmul4.cgp,area,10,2000,0.03,0.32,,,57,0.31640625,logs/area_0.32/log_20250328_122536/log.csv
logs/area_0.32/log_20250328_122818/metadata.json,u_arrmul4.cgp,area,10,2000,0.03,0.32,,,59,0.3046875,logs/area_0.32/log_20250328_122818/log.csv
logs/area_0.32/log_20250328_122658/metadata.json,u_arrmul4.cgp,area,10,2000,0.03,0.32,,,59,0.3125,logs/area_0.32/log_20250328_122658/log.csv
logs/area_0.32/log_20250328_123638/metadata.json,u_arrmul4.cgp,area,10,2000,0.03,0.32,,,59,0.3125,logs/area_0.32/log_20250328_123638/log.csv
logs/area_0.32/log_20250328_123557/metadata.json,u_arrmul4.cgp,area,10,2000,0.03,0.32,,,59,0.30859375,logs/area_0.32/log_20250328_123557/log.csv
logs/area_0.32/log_20250327_222205/metadata.json,u_arrmul4.cgp,area,10,2000,0.03,0.32,,,58,0.29296875,logs/area_0.32/log_20250327_222205/log.csv
logs/area_0.32/log_20250328_123309/metadata.json,u_arrmul4.cgp,area,10,2000,0.03,0.32,,,61,0.31640625,logs/area_0.32/log_20250328_123309/log.csv
logs/area_0.32/log_20250327_212923/metadata.json,u_arrmul4.cgp,area,10,2000,0.03,0.32,,,60,0.3046875,logs/area_0.32/log_20250327_212923/log.csv
logs/area_0.32/log_20250328_123147/metadata.json,u_arrmul4.cgp,area,10,2000,0.03,0.32,,,58,0.296875,logs/area_0.32/log_20250328_123147/log.csv
logs/area_0.32/log_20250327_213124/metadata.json,u_arrmul4.cgp,area,10,2000,0.03,0.32,,,59,0.3125,logs/area_0.32/log_20250327_213124/log.csv
logs/area_0.32/log_20250327_222327/metadata.json,u_arrmul4.cgp,area,10,2000,0.03,0.32,,,60,0.28125,logs/area_0.32/log_20250327_222327/log.csv
logs/area_0.32/log_20250327_222123/metadata.json,u_arrmul4.cgp,area,10,2000,0.03,0.32,,,59,0.296875,logs/area_0.32/log_20250327_222123/log.csv
logs/area_0.32/log_20250328_123351/metadata.json,u_arrmul4.cgp,area,10,2000,0.03,0.32,,,58,0.31640625,logs/area_0.32/log_20250328_123351/log.csv
logs/error_48/log_20250328_151727/metadata.json,u_arrmul4.cgp,error,10,2000,0.03,48.0,5000,,47,34.4296875,logs/error_48/log_20250328_151727/log.csv
logs/error_48/log_20250328_152516/metadata.json,u_arrmul4.cgp,error,10,2000,0.03,48.0,5000,,48,28.734375,logs/error_48/log_20250328_152516/log.csv
logs/error_48/log_20250328_152732/metadata.json,u_arrmul4.cgp,error,10,2000,0.03,48.0,5000,,48,22.921875,logs/error_48/log_20250328_152732/log.csv
logs/error_48/log_20250328_151513/metadata.json,u_arrmul4.cgp,error,10,2000,0.03,48.0,5000,,48,25.546875,logs/error_48/log_20250328_151513/log.csv
logs/error_48/log_20250328_152941/metadata.json,u_arrmul4.cgp,error,10,2000,0.03,48.0,5000,,48,32.1328125,logs/error_48/log_20250328_152941/log.csv
logs/error_48/log_20250328_152040/metadata.json,u_arrmul4.cgp,error,10,2000,0.03,48.0,5000,,47,25.828125,logs/error_48/log_20250328_152040/log.csv
logs/error_48/log_20250328_150935/metadata.json,u_arrmul4.cgp,error,10,2000,0.03,48.0,5000,,48,33.671875,logs/error_48/log_20250328_150935/log.csv
logs/error_48/log_20250328_152814/metadata.json,u_arrmul4.cgp,error,10,2000,0.03,48.0,5000,,48,27.15625,logs/error_48/log_20250328_152814/log.csv
logs/error_48/log_20250328_151427/metadata.json,u_arrmul4.cgp,error,10,2000,0.03,48.0,5000,,47,22.5,logs/error_48/log_20250328_151427/log.csv
logs/error_48/log_20250328_151859/metadata.json,u_arrmul4.cgp,error,10,2000,0.03,48.0,5000,,48,35.421875,logs/error_48/log_20250328_151859/log.csv
logs/error_48/log_20250328_152251/metadata.json,u_arrmul4.cgp,error,10,2000,0.03,48.0,5000,,48,31.9921875,logs/error_48/log_20250328_152251/log.csv
logs/error_48/log_20250328_152643/metadata.json,u_arrmul4.cgp,error,10,2000,0.03,48.0,5000,,48,20.0625,logs/error_48/log_20250328_152643/log.csv
logs/error_48/log_20250328_151810/metadata.json,u_arrmul4.cgp,error,10,2000,0.03,48.0,5000,,48,26.640625,logs/error_48/log_20250328_151810/log.csv
logs/error_48/log_20250328_152858/metadata.json,u_arrmul4.cgp,error,10,2000,0.03,48.0,5000,,48,26.953125,logs/error_48/log_20250328_152858/log.csv
logs/error_48/log_20250328_153156/metadata.json,u_arrmul4.cgp,error,10,2000,0.03,48.0,5000,,48,21.2578125,logs/error_48/log_20250328_153156/log.csv
logs/error_48/log_20250328_153113/metadata.json,u_arrmul4.cgp,error,10,2000,0.03,48.0,5000,,48,28.28125,logs/error_48/log_20250328_153113/log.csv
logs/error_48/log_20250328_151256/metadata.json,u_arrmul4.cgp,error,10,2000,0.03,48.0,5000,,46,36.1796875,logs/error_48/log_20250328_151256/log.csv
logs/error_48/log_20250328_152427/metadata.json,u_arrmul4.cgp,error,10,2000,0.03,48.0,5000,,48,35.28125,logs/error_48/log_20250328_152427/log.csv
logs/error_48/log_20250328_151641/metadata.json,u_arrmul4.cgp,error,10,2000,0.03,48.0,5000,,47,15.0078125,logs/error_48/log_20250328_151641/log.csv
logs/error_48/log_20250328_151950/metadata.json,u_arrmul4.cgp,error,10,2000,0.03,48.0,5000,,48,18.8046875,logs/error_48/log_20250328_151950/log.csv
logs/error_48/log_20250328_153031/metadata.json,u_arrmul4.cgp,error,10,2000,0.03,48.0,5000,,48,26.484375,logs/error_48/log_20250328_153031/log.csv
logs/error_48/log_20250328_152122/metadata.json,u_arrmul4.cgp,error,10,2000,0.03,48.0,5000,,48,26.59375,logs/error_48/log_20250328_152122/log.csv
logs/error_48/log_20250328_152205/metadata.json,u_arrmul4.cgp,error,10,2000,0.03,48.0,5000,,48,32.5390625,logs/error_48/log_20250328_152205/log.csv
logs/error_48/log_20250328_152559/metadata.json,u_arrmul4.cgp,error,10,2000,0.03,48.0,5000,,48,33.40625,logs/error_48/log_20250328_152559/log.csv
logs/error_48/log_20250328_151124/metadata.json,u_arrmul4.cgp,error,10,2000,0.03,48.0,5000,,47,34.0859375,logs/error_48/log_20250328_151124/log.csv
logs/error_48/log_20250328_151037/metadata.json,u_arrmul4.cgp,error,10,2000,0.03,48.0,5000,,47,26.5625,logs/error_48/log_20250328_151037/log.csv
logs/error_48/log_20250328_152342/metadata.json,u_arrmul4.cgp,error,10,2000,0.03,48.0,5000,,47,33.671875,logs/error_48/log_20250328_152342/log.csv
logs/error_48/log_20250328_151557/metadata.json,u_arrmul4.cgp,error,10,2000,0.03,48.0,5000,,48,33.40625,logs/error_48/log_20250328_151557/log.csv
logs/error_48/log_20250328_151342/metadata.json,u_arrmul4.cgp,error,10,2000,0.03,48.0,5000,,48,19.9375,logs/error_48/log_20250328_151342/log.csv
logs/error_48/log_20250328_151208/metadata.json,u_arrmul4.cgp,error,10,2000,0.03,48.0,5000,,48,28.3203125,logs/error_48/log_20250328_151208/log.csv
logs/error_28/log_20250328_151742/metadata.json,u_arrmul4.cgp,error,10,2000,0.03,28.0,5000,,28,32.84375,logs/error_28/log_20250328_151742/log.csv
logs/error_28/log_20250328_152648/metadata.json,u_arrmul4.cgp,error,10,2000,0.03,28.0,5000,,28,36.515625,logs/error_28/log_20250328_152648/log.csv
logs/error_28/log_20250328_152507/metadata.json,u_arrmul4.cgp,error,10,2000,0.03,28.0,5000,,28,32.5234375,logs/error_28/log_20250328_152507/log.csv
logs/error_28/log_20250328_152209/metadata.json,u_arrmul4.cgp,error,10,2000,0.03,28.0,5000,,28,32.84375,logs/error_28/log_20250328_152209/log.csv
logs/error_28/log_20250328_151317/metadata.json,u_arrmul4.cgp,error,10,2000,0.03,28.0,5000,,28,36.2578125,logs/error_28/log_20250328_151317/log.csv
logs/error_28/log_20250328_153303/metadata.json,u_arrmul4.cgp,error,10,2000,0.03,28.0,5000,,28,36.671875,logs/error_28/log_20250328_153303/log.csv
logs/error_28/log_20250328_153356/metadata.json,u_arrmul4.cgp,error,10,2000,0.03,28.0,5000,,28,36.21875,logs/error_28/log_20250328_153356/log.csv
logs/error_28/log_20250328_151413/metadata.json,u_arrmul4.cgp,error,10,2000,0.03,28.0,5000,,28,36.515625,logs/error_28/log_20250328_151413/log.csv
logs/error_28/log_20250328_153204/metadata.json,u_arrmul4.cgp,error,10,2000,0.03,28.0,5000,,28,34.2890625,logs/error_28/log_20250328_153204/log.csv
logs/error_28/log_20250328_153538/metadata.json,u_arrmul4.cgp,error,10,2000,0.03,28.0,5000,,28,32.8671875,logs/error_28/log_20250328_153538/log.csv
logs/error_28/log_20250328_151508/metadata.json,u_arrmul4.cgp,error,10,2000,0.03,28.0,5000,,28,32.8828125,logs/error_28/log_20250328_151508/log.csv
logs/error_28/log_20250328_150934/metadata.json,u_arrmul4.cgp,error,10,2000,0.03,28.0,5000,,28,35.0078125,logs/error_28/log_20250328_150934/log.csv
logs/error_28/log_20250328_152024/metadata.json,u_arrmul4.cgp,error,10,2000,0.03,28.0,5000,,28,35.296875,logs/error_28/log_20250328_152024/log.csv
logs/error_28/log_20250328_151024/metadata.json,u_arrmul4.cgp,error,10,2000,0.03,28.0,5000,,28,33.4921875,logs/error_28/log_20250328_151024/log.csv
logs/error_28/log_20250328_153449/metadata.json,u_arrmul4.cgp,error,10,2000,0.03,28.0,5000,,28,32.96875,logs/error_28/log_20250328_153449/log.csv
logs/error_28/log_20250328_152115/metadata.json,u_arrmul4.cgp,error,10,2000,0.03,28.0,5000,,28,32.8203125,logs/error_28/log_20250328_152115/log.csv
logs/error_28/log_20250328_152412/metadata.json,u_arrmul4.cgp,error,10,2000,0.03,28.0,5000,,28,33.7734375,logs/error_28/log_20250328_152412/log.csv
logs/error_28/log_20250328_152558/metadata.json,u_arrmul4.cgp,error,10,2000,0.03,28.0,5000,,28,35.3984375,logs/error_28/log_20250328_152558/log.csv
logs/error_28/log_20250328_152837/metadata.json,u_arrmul4.cgp,error,10,2000,0.03,28.0,5000,,28,34.0390625,logs/error_28/log_20250328_152837/log.csv
logs/error_28/log_20250328_152740/metadata.json,u_arrmul4.cgp,error,10,2000,0.03,28.0,5000,,28,34.9921875,logs/error_28/log_20250328_152740/log.csv
logs/error_28/log_20250328_152930/metadata.json,u_arrmul4.cgp,error,10,2000,0.03,28.0,5000,,28,32.640625,logs/error_28/log_20250328_152930/log.csv
logs/error_28/log_20250328_151648/metadata.json,u_arrmul4.cgp,error,10,2000,0.03,28.0,5000,,28,32.8515625,logs/error_28/log_20250328_151648/log.csv
logs/error_28/log_20250328_151558/metadata.json,u_arrmul4.cgp,error,10,2000,0.03,28.0,5000,,28,34.2109375,logs/error_28/log_20250328_151558/log.csv
logs/error_28/log_20250328_151221/metadata.json,u_arrmul4.cgp,error,10,2000,0.03,28.0,5000,,28,29.890625,logs/error_28/log_20250328_151221/log.csv
logs/error_28/log_20250328_152309/metadata.json,u_arrmul4.cgp,error,10,2000,0.03,28.0,5000,,28,34.9140625,logs/error_28/log_20250328_152309/log.csv
logs/error_28/log_20250328_151120/metadata.json,u_arrmul4.cgp,error,10,2000,0.03,28.0,5000,,28,29.2890625,logs/error_28/log_20250328_151120/log.csv
logs/error_28/log_20250328_151837/metadata.json,u_arrmul4.cgp,error,10,2000,0.03,28.0,5000,,28,32.359375,logs/error_28/log_20250328_151837/log.csv
logs/error_28/log_20250328_153114/metadata.json,u_arrmul4.cgp,error,10,2000,0.03,28.0,5000,,28,35.5234375,logs/error_28/log_20250328_153114/log.csv
logs/error_28/log_20250328_153020/metadata.json,u_arrmul4.cgp,error,10,2000,0.03,28.0,5000,,28,35.390625,logs/error_28/log_20250328_153020/log.csv
logs/error_28/log_20250328_151929/metadata.json,u_arrmul4.cgp,error,10,2000,0.03,28.0,5000,,28,43.7109375,logs/error_28/log_20250328_151929/log.csv
